API,Signature,Status,Remarks,Drivers Checked,entry
abs,{'input': 'tensor'},complete,,TRUE,"'abs' : {'input': 'tensor'},"
acos,{'input': 'tensor'},complete,,TRUE,"'acos' : {'input': 'tensor'},"
acosh,{'input': 'tensor'},complete,,TRUE,"'acosh' : {'input': 'tensor'},"
adaptive_avg_pool1d,"{'input': 'tensor', 'output_size': 'integer'}",complete,,FALSE,"'adaptive_avg_pool1d' : {'input': 'tensor', 'output_size': 'integer'},"
adaptive_avg_pool2d,"{'input': 'tensor', 'output_size': 'integer'}",complete,,FALSE,"'adaptive_avg_pool2d' : {'input': 'tensor', 'output_size': 'integer'},"
adaptive_max_pool1d,"{'input': 'tensor', 'output_size': 'integer'}",complete,,TRUE,"'adaptive_max_pool1d' : {'input': 'tensor', 'output_size': 'integer'},"
adaptive_max_pool2d,"{'input': 'tensor', 'output_size': 'integer'}",complete,,TRUE,"'adaptive_max_pool2d' : {'input': 'tensor', 'output_size': 'integer'},"
add,"{'alpha': 'float', 'input': 'tensor', 'other': 'tensor'}",complete,,TRUE,"'add' : {'alpha': 'float', 'input': 'tensor', 'other': 'tensor'},"
addbmm,"{'batch1': 'tensor', 'batch2': 'tensor', 'input': 'tensor', 'beta': 'float', 'alpha': 'float'}",complete,,TRUE,"'addbmm' : {'batch1': 'tensor', 'batch2': 'tensor', 'input': 'tensor', 'beta': 'float', 'alpha': 'float'},"
addcdiv,"{'input': 'tensor', 'tensor1': 'tensor', 'tensor2': 'tensor', 'value': 'float'}",complete,,TRUE,"'addcdiv' : {'input': 'tensor', 'tensor1': 'tensor', 'tensor2': 'tensor', 'value': 'float'},"
addcmul,"{'input': 'tensor', 'tensor1': 'tensor', 'tensor2': 'tensor', 'value': 'float'}",complete,,TRUE,"'addcmul' : {'input': 'tensor', 'tensor1': 'tensor', 'tensor2': 'tensor', 'value': 'float'},"
addmm,"{'input': 'tensor', 'mat1': 'tensor', 'mat2': 'tensor', 'beta': 'float', 'alpha': 'float'}",complete,,TRUE,"'addmm' : {'input': 'tensor', 'mat1': 'tensor', 'mat2': 'tensor', 'beta': 'float', 'alpha': 'float'},"
addmv,"{'input': 'tensor', 'mat': 'tensor', 'vec': 'tensor', 'beta': 'float', 'alpha': 'float'}",complete,,TRUE,"'addmv' : {'input': 'tensor', 'mat': 'tensor', 'vec': 'tensor', 'beta': 'float', 'alpha': 'float'},"
addr,"{'input': 'tensor', 'vec1': 'tensor', 'vec2': 'tensor', 'beta': 'float', 'alpha': 'float'}",complete,,TRUE,"'addr' : {'input': 'tensor', 'vec1': 'tensor', 'vec2': 'tensor', 'beta': 'float', 'alpha': 'float'},"
allclose,"{'input': 'tensor', 'other': 'tensor', 'atol': 'float', 'rtol': 'float', 'equal_nan': 'boolean'}",complete,,TRUE,"'allclose' : {'input': 'tensor', 'other': 'tensor', 'atol': 'float', 'rtol': 'float', 'equal_nan': 'boolean'},"
alpha_dropout,"{'input': 'tensor', 'p':'float', 'training':'boolean', 'inplace':'boolean'}",complete,,FALSE,"'alpha_dropout' : {'input': 'tensor', 'p':'float', 'training':'boolean', 'inplace':'boolean'},"
amax,"{'input': 'tensor', 'dim': 'tuple', 'keepdim':'boolean'}",complete,,FALSE,"'amax' : {'input': 'tensor', 'dim': 'tuple', 'keepdim':'boolean'},"
amin,"{'input': 'tensor', 'dim': 'integer', 'keepdim': 'boolean'}",complete,,FALSE,"'amin' : {'input': 'tensor', 'dim': 'integer', 'keepdim': 'boolean'},"
angle,{'input': 'tensor'},complete,,TRUE,"'angle' : {'input': 'tensor'},"
arange,"{'start': 'integer', 'end': 'integer','step': 'integer', 'dtype': 'dtype', 'requires_grad': 'boolean'}",complete,,TRUE,"'arange' : {'start': 'integer', 'end': 'integer','step': 'integer', 'dtype': 'dtype', 'requires_grad': 'boolean'},"
argmax,"{'input': 'tensor', 'dim': 'integer', 'keepdim': 'boolean'}",complete,,FALSE,"'argmax' : {'input': 'tensor', 'dim': 'integer', 'keepdim': 'boolean'},"
argmin,"{'input': 'tensor', 'dim': 'integer', 'keepdim': 'boolean'}",complete,,TRUE,"'argmin' : {'input': 'tensor', 'dim': 'integer', 'keepdim': 'boolean'},"
argsort,"{'input': 'tensor', 'dim': 'integer', 'descending': 'boolean', 'stable': 'boolean'}",complete,,TRUE,"'argsort' : {'input': 'tensor', 'dim': 'integer', 'descending': 'boolean', 'stable': 'boolean'},"
as_strided,"{'input': 'tensor', 'size': 'tuple', 'stride': 'tuple', 'storage_offset': 'integer'}",complete,,TRUE,"'as_strided' : {'input': 'tensor', 'size': 'tuple', 'stride': 'tuple', 'storage_offset': 'integer'},"
asin,{'input': 'tensor'},complete,,TRUE,"'asin' : {'input': 'tensor'},"
asinh,{'input': 'tensor' },complete,,FALSE,"'asinh' : {'input': 'tensor' },"
atan,{'input': 'tensor'},complete,,TRUE,"'atan' : {'input': 'tensor'},"
atan2,"{'input': 'tensor', 'other': 'tensor'}",complete,,TRUE,"'atan2' : {'input': 'tensor', 'other': 'tensor'},"
atanh,{'input': 'tensor' },complete,,FALSE,"'atanh' : {'input': 'tensor' },"
atleast_1d,{'tensors': 'tensor_list' },complete,,TRUE,"'atleast_1d' : {'tensors': 'tensor_list' },"
atleast_2d,{'tensors': 'tensor_list' },complete,,TRUE,"'atleast_2d' : {'tensors': 'tensor_list' },"
atleast_3d,{'tensors': 'tensor_list' },complete,,TRUE,"'atleast_3d' : {'tensors': 'tensor_list' },"
avg_pool1d,"{'input': 'tensor', 'kernel_size': 'integer', 'stride': 'integer', 'padding': 'integer', 'ceil_mode': 'boolean', 'count_include_pad': 'boolean'}",complete,"If coverage is low, try tuples",TRUE,"avg_pool1d' : {'input': 'tensor', 'kernel_size': 'integer', 'stride': 'integer', 'padding': 'integer', 'ceil_mode': 'boolean', 'count_include_pad': 'boolean'},"
avg_pool2d,"{'input': 'tensor', 'kernel_size': 'integer', 'stride': 'integer', 'padding': 'integer', 'ceil_mode': 'boolean', 'count_include_pad': 'boolean', 'divisor_override': 'integer'}",complete,"If coverage is low, try tuples",TRUE,"avg_pool2d' : {'input': 'tensor', 'kernel_size': 'integer', 'stride': 'integer', 'padding': 'integer', 'ceil_mode': 'boolean', 'count_include_pad': 'boolean', 'divisor_override': 'integer'},"
baddbmm,"{'batch1': 'tensor', 'batch2': 'tensor', 'input': 'tensor', 'beta': 'float', 'alpha': 'float'}",complete,,TRUE,"'baddbmm' : {'batch1': 'tensor', 'batch2': 'tensor', 'input': 'tensor', 'beta': 'float', 'alpha': 'float'},"
batch_norm,"{'input': 'tensor', 'running_mean': 'tensor', 'running_var': 'tensor',  'weight': 'tensor', 'bias': 'tensor', 'training': 'boolean', 'momentum': 'float', 'eps': 'float' }",complete,,FALSE,"'batch_norm' : {'input': 'tensor', 'running_mean': 'tensor', 'running_var': 'tensor',  'weight': 'tensor', 'bias': 'tensor', 'training': 'boolean', 'momentum': 'float', 'eps': 'float' },"
binaryCrossEntropyWithLogits,"{'input': 'tensor', 'target': 'tensor', 'weight': 'tensor', 'reduction': 'string', 'pos_weight': 'tensor'}",complete,,TRUE,"binaryCrossEntropyWithLogits' : {'input': 'tensor', 'target': 'tensor', 'weight': 'tensor', 'reduction': 'string', 'pos_weight': 'tensor'},"
bincount,"{'input': 'tensor', 'weights': 'tensor', 'minlength': 'integer'}",complete,,TRUE,"bincount' : {'input': 'tensor', 'weights': 'tensor', 'minlength': 'integer'},"
bitwise_and,"{'input': 'tensor', 'other': 'tensor'}",complete,,TRUE,"bitwise_and' : {'input': 'tensor', 'other': 'tensor'},"
bitwise_not,{'input': 'tensor'},complete,,TRUE,"bitwise_not' : {'input': 'tensor'},"
bitwise_or,"{'input': 'tensor', 'other': 'tensor'}",complete,,TRUE,"bitwise_or' : {'input': 'tensor', 'other': 'tensor'},"
bitwise_xor,"{'input': 'tensor', 'other': 'tensor'}",complete,,TRUE,"bitwise_xor' : {'input': 'tensor', 'other': 'tensor'},"
block_diag,{'tensors': 'tensor_list' },complete,,TRUE,"'block_diag' : {'tensors': 'tensor_list' },"
bmm,"{'input': 'tensor', 'mat2': 'tensor'}",complete,,TRUE,"bmm' : {'input': 'tensor', 'mat2': 'tensor'},"
broadcast_shapes,{'shapes': 'list' },complete,,FALSE,"'broadcast_shapes' : {'shapes': 'list' },"
broadcast_tensors,{'tensors': 'tensor_list'},complete,,TRUE,"broadcast_tensors' : {'tensors': 'tensor_list'},"
broadcast_to,"{'input': 'tensor', 'shape': 'list'}",complete,,FALSE,"'broadcast_to' : {'input': 'tensor', 'shape': 'list'},"
bucketize,"{'input': 'tensor', 'boundaries': 'tensor', 'out_int32': 'boolean', 'right': 'boolean'}",complete,,FALSE,"'bucketize' : {'input': 'tensor', 'boundaries': 'tensor', 'out_int32': 'boolean', 'right': 'boolean'},"
cartesian_prod,{'tensors': 'tensor_list'},complete,,TRUE,"cartesian_prod' : {'tensors': 'tensor_list'},"
cat,"{'tensors': 'tensor_list', 'dim': 'integer'}",complete,,TRUE,"cat' : {'tensors': 'tensor_list', 'dim': 'integer'},"
ceil,{'input': 'tensor'},complete,,FALSE,"ceil' : {'input': 'tensor'},"
celu_,"{'input': 'tensor', 'alpha': 'float'}",complete,,FALSE,"'celu_' : {'input': 'tensor', 'alpha': 'float'},"
chain_matmul,{'matrices': 'tensor_list'},complete,,TRUE,"'chain_matmul' : {'matrices': 'tensor_list'},"
cholesky_inverse,"{'L': 'tensor', 'upper': 'boolean'}",complete,,TRUE,"cholesky_inverse' : {'L': 'tensor', 'upper': 'boolean'},"
chunk,"{'chunks': 'integer', 'dim': 'integer', 'input': 'tensor'}",complete,,TRUE,"'chunk' : {'chunks': 'integer', 'dim': 'integer', 'input': 'tensor'},"
clamp,"{'input': 'tensor', 'max': 'float', 'min': 'float'}",complete,,FALSE,"clamp' : {'input': 'tensor', 'max': 'float', 'min': 'float'},"
clip_grad_norm_,"{'parameters': 'tensor_list', 'max_norm': 'float', 'norm_type':'float', 'error_if_nonfinite':'boolean', 'foreach':'boolean'} ",complete,,TRUE,"'clip_grad_norm_' : {'parameters': 'tensor_list', 'max_norm': 'float', 'norm_type':'float', 'error_if_nonfinite':'boolean', 'foreach':'boolean'} ,"
combinations,"{'input': 'tensor', 'r': 'integer', 'with_replacement': 'boolean'}",complete,,FALSE,"combinations' : {'input': 'tensor', 'r': 'integer', 'with_replacement': 'boolean'},"
complex,"{'real': 'tensor', 'imag': 'tensor'}",complete,,TRUE,"'complex' : {'real': 'tensor', 'imag': 'tensor'},"
copysign,"{'input': 'tensor', 'other': 'tensor'}",complete,,FALSE,"'copysign' : {'input': 'tensor', 'other': 'tensor'},"
cos,{'input': 'tensor'},complete,,FALSE,"cos' : {'input': 'tensor'},"
cosh,{'input': 'tensor'},complete,,FALSE,"cosh' : {'input': 'tensor'},"
cosine_similarity,"{'x1': 'tensor', 'x2': 'tensor', 'dim': 'integer', 'eps': 'float'}",complete,,TRUE,"'cosine_similarity' : {'x1': 'tensor', 'x2': 'tensor', 'dim': 'integer', 'eps': 'float'},"
countNonzero,"{'input': 'tensor', 'dim': 'tuple'}",complete,,FALSE,"'countNonzero' : {'input': 'tensor', 'dim': 'tuple'},"
cummax,"{'input': 'tensor', 'dim': 'integer'}",complete,,FALSE,"cummax' : {'input': 'tensor', 'dim': 'integer'},"
cumprod,"{'input': 'tensor', 'dim': 'integer'}",complete,,FALSE,"cumprod' : {'input': 'tensor', 'dim': 'integer'},"
cumsum,"{'input': 'tensor', 'dim': 'integer'}",complete,,FALSE,"cumsum' : {'input': 'tensor', 'dim': 'integer'},"
deg2rad,{'input': 'tensor' },complete,,FALSE,"'deg2rad' : {'input': 'tensor' },"
det,{'A': 'tensor'},complete,,FALSE,"det' : {'A': 'tensor'},"
dist,"{'input': 'tensor', 'other': 'tensor', 'p': 'float'}",complete,,TRUE,"dist' : {'input': 'tensor', 'other': 'tensor', 'p': 'float'},"
div,"{'input': 'tensor', 'other': 'integer'}",complete,,FALSE,"div' : {'input': 'tensor', 'other': 'integer'},"
dot,"{'input': 'tensor', 'tensor': 'tensor' }",complete,,TRUE,"'dot' : {'input': 'tensor', 'tensor': 'tensor' },"
dstack,{'tensors': 'tensor_list' },complete,,TRUE,"'dstack' : {'tensors': 'tensor_list' },"
eig,"{'eigenvectors': 'boolean', 'input': 'tensor'}",complete,,FALSE,"'eig' : {'eigenvectors': 'boolean', 'input': 'tensor'},"
einsum,"{'equation':'string', 'operands':'tensor_list' }",complete,,FALSE,"'einsum' : {'equation':'string', 'operands':'tensor_list' },"
embedding_bag,"{'input':'tensor', 'weight':'tensor', 'offsets':'tensor', 'max_norm':'float', 'norm_type':'integer', 'scale_grad_by_freq':'boolean', 'mode':'string', 'sparse':'boolean', 'per_sample_weights':'tensor', 'include_last_offset':'boolean', 'padding_idx':'integer'}",complete,,FALSE,"'embedding_bag' : {'input':'tensor', 'weight':'tensor', 'offsets':'tensor', 'max_norm':'float', 'norm_type':'integer', 'scale_grad_by_freq':'boolean', 'mode':'string', 'sparse':'boolean', 'per_sample_weights':'tensor', 'include_last_offset':'boolean', 'padding_idx':'integer'},"
eq,"{'input': 'tensor', 'other': 'tensor'}",complete,,FALSE,"eq' : {'input': 'tensor', 'other': 'tensor'},"
erf,{'input': 'tensor'},complete,,FALSE,"erf' : {'input': 'tensor'},"
exp2,{'input': 'tensor' },complete,,FALSE,"'exp2' : {'input': 'tensor' },"
Flatten,"{'input': 'tensor', 'start_dim': 'integer', 'end_dim': 'integer'}",complete,,FALSE,"'Flatten' : {'input': 'tensor', 'start_dim': 'integer', 'end_dim': 'integer'},"
flip,"{'input': 'tensor', 'dims': 'tuple'}",complete,,FALSE,"'flip' : {'input': 'tensor', 'dims': 'tuple'},"
fliplr,{'input': 'tensor'},complete,,TRUE,"'fliplr' : {'input': 'tensor'},"
flipud,{'input': 'tensor'},complete,,FALSE,"'flipud' : {'input': 'tensor'},"
float_power,"{'input': 'tensor', 'exponent': 'tensor'}",complete,,FALSE,"'float_power' : {'input': 'tensor', 'exponent': 'tensor'},"
floor,{'input': 'tensor'},complete,,TRUE,"floor' : {'input': 'tensor'},"
fmin,"{'input': 'tensor', 'other': 'tensor'}",complete,,FALSE,"'fmin' : {'input': 'tensor', 'other': 'tensor'},"
frac,{'input': 'tensor'},complete,,TRUE,"'frac' : {'input': 'tensor'},"
FractionalMaxPool2d,"{'input': 'tensor', 'kernel_size': 'tuple', 'output_size': 'integer', 'output_ratio': 'float', 'return_indices': 'boolean'}",complete,,TRUE,"'FractionalMaxPool2d' : {'input': 'tensor', 'kernel_size': 'tuple', 'output_size': 'integer', 'output_ratio': 'float', 'return_indices': 'boolean'},"
full_like,"{'input': 'tensor', 'fill_value': 'float'}",complete,,TRUE,"'full_like' : {'input': 'tensor', 'fill_value': 'float'},"
functional_hardsigmoid,"{'input': 'tensor', 'inplace': 'boolean'}",complete,,FALSE,"'functional_hardsigmoid' : {'input': 'tensor', 'inplace': 'boolean'},"
functional_relu6,"{'input': 'tensor', 'inplace': 'boolean'}",complete,,FALSE,"'functional_relu6' : {'input': 'tensor', 'inplace': 'boolean'},"
ge,"{'input': 'tensor', 'other': 'tensor'}",complete,,FALSE,"ge' : {'input': 'tensor', 'other': 'tensor'},"
gelu,"{'input': 'tensor', 'approximate': 'string'}",complete,,FALSE,"'gelu' : {'input': 'tensor', 'approximate': 'string'},"
GroupNorm,"{'input': 'tensor', 'num_groups': 'integer', 'num_channels': 'integer', 'eps': 'float', 'affine': 'boolean'}",complete,,TRUE,"'GroupNorm' : {'input': 'tensor', 'num_groups': 'integer', 'num_channels': 'integer', 'eps': 'float', 'affine': 'boolean'},"
grucell,"{'input': 'tensor', 'hidden': 'tensor', 'bias': 'boolean'}",complete,,TRUE,"'grucell' : {'input': 'tensor', 'hidden': 'tensor', 'bias': 'boolean'},"
gt,"{'input': 'tensor', 'other': 'tensor'}",complete,,FALSE,"gt' : {'input': 'tensor', 'other': 'tensor'},"
Hardshrink,"{'input': 'tensor', 'lambd': 'float'}",complete,,TRUE,"'Hardshrink' : {'input': 'tensor', 'lambd': 'float'},"
hardshrink_,"{'input': 'tensor', 'lambd': 'float'}",complete,,TRUE,"'hardshrink_' : {'input': 'tensor', 'lambd': 'float'},"
hardswish,"{'input': 'tensor', 'inplace': 'boolean'}",complete,,TRUE,"'hardswish' : {'input': 'tensor', 'inplace': 'boolean'},"
Hardswish_,"{'input': 'tensor', 'inplace': 'boolean'}",complete,,TRUE,"'Hardswish_' : {'input': 'tensor', 'inplace': 'boolean'},"
Hardtanh,"{'input': 'tensor', 'min_val': 'float', 'max_val': 'float', 'inplace': 'boolean'}",complete,,FALSE,"'Hardtanh' : {'input': 'tensor', 'min_val': 'float', 'max_val': 'float', 'inplace': 'boolean'},"
heaviside,"{'input': 'tensor', 'values': 'tensor'}",complete,,FALSE,"'heaviside' : {'input': 'tensor', 'values': 'tensor'},"
histc,"{'bins': 'integer', 'input': 'tensor', 'max': 'float', 'min': 'float'}",complete,,TRUE,"'histc' : {'bins': 'integer', 'input': 'tensor', 'max': 'float', 'min': 'float'},"
hstack,{'tensors': 'tensor_list'},complete,,TRUE,"'hstack' : {'tensors': 'tensor_list'},"
hypot,"{'input': 'tensor', 'other': 'tensor'}",complete,,FALSE,"'hypot' : {'input': 'tensor', 'other': 'tensor'},"
i0,{'input': 'tensor'},complete,,FALSE,"i0' : {'input': 'tensor'},"
igamma,"{'input': 'tensor', 'other': 'tensor'}",complete,,FALSE,"'igamma' : {'input': 'tensor', 'other': 'tensor'},"
index_select,"{'input': 'tensor', 'dim': 'integer', 'index': 'tensor'}",complete,,TRUE,"'index_select' : {'input': 'tensor', 'dim': 'integer', 'index': 'tensor'},"
inner,"{'input': 'tensor', 'other': 'tensor'}",complete,,FALSE,"'inner' : {'input': 'tensor', 'other': 'tensor'},"
InstanceNorm1d,"{'input': 'tensor', 'num_features': 'integer', 'eps': 'float', 'momentum': 'float', 'affine': 'boolean', 'track_running_stats': 'boolean'}",complete,,FALSE,"'InstanceNorm1d' : {'input': 'tensor', 'num_features': 'integer', 'eps': 'float', 'momentum': 'float', 'affine': 'boolean', 'track_running_stats': 'boolean'},"
InstanceNorm2d,"{'input': 'tensor', 'num_features': 'integer', 'eps': 'float', 'momentum': 'float', 'affine': 'boolean', 'track_running_stats': 'boolean'}",complete,,FALSE,"'InstanceNorm2d' : {'input': 'tensor', 'num_features': 'integer', 'eps': 'float', 'momentum': 'float', 'affine': 'boolean', 'track_running_stats': 'boolean'},"
InstanceNorm3d,"{'input': 'tensor', 'num_features': 'integer', 'eps': 'float', 'momentum': 'float', 'affine': 'boolean', 'track_running_stats': 'boolean'}",complete,,FALSE,"'InstanceNorm3d' : {'input': 'tensor', 'num_features': 'integer', 'eps': 'float', 'momentum': 'float', 'affine': 'boolean', 'track_running_stats': 'boolean'},"
is_tensor,{'obj': 'tensor'},complete,,TRUE,"'is_tensor' : {'obj': 'tensor'},"
isclose,"{'input': 'tensor', 'other': 'tensor', 'rtol': 'float', 'atol': 'float', 'equal_nan': 'boolean'}",complete,,FALSE,"'isclose' : {'input': 'tensor', 'other': 'tensor', 'rtol': 'float', 'atol': 'float', 'equal_nan': 'boolean'},"
isfinite,{'input': 'tensor'},complete,,FALSE,"'isfinite' : {'input': 'tensor'},"
isinf,{'input': 'tensor'},complete,,FALSE,"'isinf' : {'input': 'tensor'},"
isnan,{'input': 'tensor'},complete,,FALSE,"'isnan' : {'input': 'tensor'},"
isneginf,{'input': 'tensor'},complete,,FALSE,"'isneginf' : {'input': 'tensor'},"
isposinf,{'input': 'tensor'},complete,,FALSE,"'isposinf' : {'input': 'tensor'},"
isreal_,{'input': 'tensor'},complete,,FALSE,"'isreal_' : {'input': 'tensor'},"
kron,"{'input': 'tensor', 'other': 'tensor'}",complete,,TRUE,"'kron' : {'input': 'tensor', 'other': 'tensor'},"
kthvalue,"{'input': 'tensor', 'k': 'integer', 'keepdim': 'boolean'}",complete,,FALSE,"'kthvalue' : {'input': 'tensor', 'k': 'integer', 'keepdim': 'boolean'},"
l1_loss,"{'input': 'tensor', 'target': 'tensor', 'reduction': 'string'}",complete,,TRUE,"'l1_loss' : {'input': 'tensor', 'target': 'tensor', 'reduction': 'string'},"
L1Loss,"{'input': 'tensor', 'target': 'tensor', 'reduction': 'string'}",complete,size average and reduce deprecated,TRUE,"'L1Loss' : {'input': 'tensor', 'target': 'tensor', 'reduction': 'string'},"
layer_norm,"{'input': 'tensor', 'normalized_shape': 'list', 'eps': 'float', 'elementwise_affine': 'boolean'}",complete,,TRUE,"'layer_norm' : {'input': 'tensor', 'normalized_shape': 'list', 'eps': 'float', 'elementwise_affine': 'boolean'},"
LayerNorm,"{'input': 'tensor', 'normalized_shape': 'list', 'eps': 'float', 'elementwise_affine': 'boolean', 'bias': 'boolean'}",complete,,TRUE,"'LayerNorm' : {'input': 'tensor', 'normalized_shape': 'list', 'eps': 'float', 'elementwise_affine': 'boolean', 'bias': 'boolean'},"
lcm,"{'input': 'tensor', 'other': 'tensor'}",complete,,FALSE,"'lcm' : {'input': 'tensor', 'other': 'tensor'},"
le,"{'input': 'tensor', 'other': 'tensor'}",complete,,FALSE,"le' : {'input': 'tensor', 'other': 'tensor'},"
leaky_relu,"{'input': 'tensor', 'negative_slope': 'float', 'inplace': 'boolean'}",complete,,TRUE,"'leaky_relu' : {'input': 'tensor', 'negative_slope': 'float', 'inplace': 'boolean'},"
LeakyReLU,"{'input': 'tensor', 'negative_slope': 'float', 'inplace': 'boolean'}",complete,,TRUE,"'LeakyReLU' : {'input': 'tensor', 'negative_slope': 'float', 'inplace': 'boolean'},"
lgamma,{'input': 'tensor'},complete,,FALSE,"lgamma' : {'input': 'tensor'},"
Linear,"{'input': 'tensor', 'in_features': 'integer', 'out_features': 'integer', 'bias': 'boolean'}",complete,,TRUE,"'Linear' : {'input': 'tensor', 'in_features': 'integer', 'out_features': 'integer', 'bias': 'boolean'},"
linear_,"{'input': 'tensor', 'weight': 'tensor', 'bias': 'tensor'}",complete,,TRUE,"'linear_' : {'input': 'tensor', 'weight': 'tensor', 'bias': 'tensor'},"
linspace,"{'start': 'tensor', 'end': 'tensor', 'steps': 'integer', 'dtype': 'dtype', 'requires_grad': 'boolean'}",complete,,FALSE,"'linspace' : {'start': 'tensor', 'end': 'tensor', 'steps': 'integer', 'dtype': 'dtype', 'requires_grad': 'boolean'},"
log,{'input': 'tensor'},complete,,FALSE,"log' : {'input': 'tensor'},"
log1p,{'input': 'tensor'},complete,,FALSE,"log1p' : {'input': 'tensor'},"
logaddexp,"{'input': 'tensor', 'other': 'tensor'}",complete,,FALSE,"'logaddexp' : {'input': 'tensor', 'other': 'tensor'},"
logaddexp2,"{'input': 'tensor', 'other': 'tensor'}",complete,,FALSE,"'logaddexp2' : {'input': 'tensor', 'other': 'tensor'},"
logcumsumexp,"{'input': 'tensor', 'dim': 'integer'}",complete,,FALSE,"'logcumsumexp' : {'input': 'tensor', 'dim': 'integer'},"
logical_not,{'input': 'tensor'},complete,,FALSE,"logical_not' : {'input': 'tensor'},"
logical_or,"{'input': 'tensor', 'other': 'tensor'}",complete,,FALSE,"logical_or' : {'input': 'tensor', 'other': 'tensor'},"
logit,"{'input': 'tensor', 'eps': 'float'}",complete,Alias for torch.special.logit().,FALSE,"'logit' : {'input': 'tensor', 'eps': 'float'},"
logsigmoid,{'input': 'tensor'},complete,,FALSE,"'logsigmoid' : {'input': 'tensor'},"
LogSigmoid_,{'input': 'tensor'},complete,same as logsigmoid,FALSE,"'LogSigmoid_' : {'input': 'tensor'},"
logSoftmaxClass,"{'input': 'tensor', 'dim': 'integer'}",complete,,TRUE,"'logSoftmaxClass' : {'input': 'tensor', 'dim': 'integer'},"
logspace,"{'start': 'tensor', 'end': 'tensor', 'steps': 'integer', 'base': 'float', 'dtype': 'dtype', 'requires_grad': 'boolean'}",complete,,FALSE,"'logspace' : {'start': 'tensor', 'end': 'tensor', 'steps': 'integer', 'base': 'float', 'dtype': 'dtype', 'requires_grad': 'boolean'},"
logsumexp,"{'input': 'tensor', 'dim': 'integer', 'keepdim': 'boolean'}",complete,,TRUE,"'logsumexp' : {'input': 'tensor', 'dim': 'integer', 'keepdim': 'boolean'},"
lp_pool1d_,"{'input': 'tensor', 'norm_type': 'float', 'kernel_size': 'integer', 'stride': 'integer', 'ceil_mode': 'boolean'}",complete,,TRUE,"'lp_pool1d_' : {'input': 'tensor', 'norm_type': 'float', 'kernel_size': 'integer', 'stride': 'integer', 'ceil_mode': 'boolean'},"
lp_pool2d,"{'input': 'tensor', 'norm_type': 'float', 'kernel_size': 'integer', 'stride': 'integer', 'ceil_mode': 'boolean'}",complete,,TRUE,"'lp_pool2d' : {'input': 'tensor', 'norm_type': 'float', 'kernel_size': 'integer', 'stride': 'integer', 'ceil_mode': 'boolean'},"
LPPool1d,"{'input': 'tensor', 'norm_type': 'float', 'kernel_size': 'integer', 'stride': 'integer', 'ceil_mode': 'boolean'}",complete,same as lp_pool1d_,TRUE,"'LPPool1d' : {'input': 'tensor', 'norm_type': 'float', 'kernel_size': 'integer', 'stride': 'integer', 'ceil_mode': 'boolean'},"
LPPool2d,"{'input': 'tensor', 'norm_type': 'float', 'kernel_size': 'integer', 'stride': 'integer', 'ceil_mode': 'boolean'}",complete,same as lp_pool2d,TRUE,"'LPPool2d' : {'input': 'tensor', 'norm_type': 'float', 'kernel_size': 'integer', 'stride': 'integer', 'ceil_mode': 'boolean'},"
LSTMCell,"{'input': 'tensor', 'hx': 'tensor', 'cx': 'tensor', 'input_size': 'integer', 'hidden_size': 'integer', 'bias': 'boolean', 'weight_ih' : 'tensor', 'weight_hh': 'tensor', 'bias_ih': 'tensor', 'bias_hh': 'tensor'}",complete,,FALSE,"'LSTMCell' : {'input': 'tensor', 'hx': 'tensor', 'cx': 'tensor', 'input_size': 'integer', 'hidden_size': 'integer', 'bias': 'boolean', 'weight_ih' : 'tensor', 'weight_hh': 'tensor', 'bias_ih': 'tensor', 'bias_hh': 'tensor'},"
lstsq,"{'A': 'tensor', 'B': 'tensor', 'rcond': 'float'}",complete,,TRUE,"'lstsq' : {'A': 'tensor', 'B': 'tensor', 'rcond': 'float'},"
lu_solve,"{'b': 'tensor', 'LU_data': 'tensor', 'LU_pivots': 'tensor'}",complete,IntTensor -> new type,FALSE,"'lu_solve' : {'b': 'tensor', 'LU_data': 'tensor', 'LU_pivots': 'tensor'},"
margin_ranking_loss,"{'input1': 'tensor', 'input2': 'tensor', 'target': 'tensor', 'margin': 'float', 'size_average': 'boolean', 'reduce': 'boolean', 'reduction': 'string'}",complete,,FALSE,"'margin_ranking_loss' : {'input1': 'tensor', 'input2': 'tensor', 'target': 'tensor', 'margin': 'float', 'size_average': 'boolean', 'reduce': 'boolean', 'reduction': 'string'},"
MarginRankingLoss,"{'input1': 'tensor', 'input2': 'tensor', 'target': 'tensor', 'margin': 'float', 'size_average': 'boolean', 'reduce': 'boolean', 'reduction': 'string'}",complete,same as margin_ranking_loss,FALSE,"'MarginRankingLoss' : {'input1': 'tensor', 'input2': 'tensor', 'target': 'tensor', 'margin': 'float', 'size_average': 'boolean', 'reduce': 'boolean', 'reduction': 'string'},"
matmul,"{'input': 'tensor', 'other': 'tensor'}",complete,,FALSE,"matmul' : {'input': 'tensor', 'other': 'tensor'},"
matrix_exp,{'A': 'tensor'},complete,Alias for torch.linalg.matrix_exp().,TRUE,"'matrix_exp' : {'A': 'tensor'},"
matrix_power,"{'input': 'tensor', 'n': 'integer'}",complete,,FALSE,"matrix_power' : {'input': 'tensor', 'n': 'integer'},"
matrix_rank,"{ 'A': 'tensor', 'tol': 'float', 'atol': 'float', 'rtol': 'float', 'hermitian': 'boolean'}",complete,,FALSE,"matrix_rank' : { 'A': 'tensor', 'tol': 'float', 'atol': 'float', 'rtol': 'float', 'hermitian': 'boolean'},"
max,"{'input': 'tensor', 'dim': 'integer', 'keepdim': 'boolean'}",complete,,TRUE,"max' : {'input': 'tensor', 'dim': 'integer', 'keepdim': 'boolean'},"
max_pool1d,"{'input': 'tensor', 'kernel_size': 'integer', 'stride': 'integer', 'padding': 'integer', 'dilation': 'integer', 'ceil_mode': 'boolean', 'return_indices': 'boolean'}",complete,,FALSE,"'max_pool1d' : {'input': 'tensor', 'kernel_size': 'integer', 'stride': 'integer', 'padding': 'integer', 'dilation': 'integer', 'ceil_mode': 'boolean', 'return_indices': 'boolean'},"
max_pool2d,"{'input': 'tensor', 'kernel_size': 'integer', 'stride': 'integer', 'padding': 'integer', 'dilation': 'integer', 'ceil_mode': 'boolean', 'return_indices': 'boolean'}",complete,,FALSE,"'max_pool2d' : {'input': 'tensor', 'kernel_size': 'integer', 'stride': 'integer', 'padding': 'integer', 'dilation': 'integer', 'ceil_mode': 'boolean', 'return_indices': 'boolean'},"
max_pool3d,"{'input': 'tensor', 'kernel_size': 'integer', 'stride': 'integer', 'padding': 'integer', 'dilation': 'integer', 'ceil_mode': 'boolean', 'return_indices': 'boolean'}",complete,,FALSE,"'max_pool3d' : {'input': 'tensor', 'kernel_size': 'integer', 'stride': 'integer', 'padding': 'integer', 'dilation': 'integer', 'ceil_mode': 'boolean', 'return_indices': 'boolean'},"
max_unpool2d,"{'input': 'tensor', 'indices': 'tensor', 'kernel_size': 'integer', 'stride': 'integer', 'padding': 'integer', 'output_size': 'integer'}",complete,,FALSE,"'max_unpool2d' : {'input': 'tensor', 'indices': 'tensor', 'kernel_size': 'integer', 'stride': 'integer', 'padding': 'integer', 'output_size': 'integer'},"
maximum,"{'input': 'tensor', 'other': 'tensor'}",complete,,FALSE,"'maximum' : {'input': 'tensor', 'other': 'tensor'},"
MaxPool2d,"{'input': 'tensor', 'kernel_size': 'integer', 'stride': 'integer', 'padding': 'integer', 'dilation': 'integer', 'ceil_mode': 'boolean', 'return_indices': 'boolean'}",complete,same as max_pool2d,FALSE,"'MaxPool2d' : {'input': 'tensor', 'kernel_size': 'integer', 'stride': 'integer', 'padding': 'integer', 'dilation': 'integer', 'ceil_mode': 'boolean', 'return_indices': 'boolean'},"
MaxPool3d,"{'input': 'tensor', 'kernel_size': 'integer', 'stride': 'integer', 'padding': 'integer', 'dilation': 'integer', 'ceil_mode': 'boolean', 'return_indices': 'boolean'}",complete,same as max_pool3d,FALSE,"'MaxPool3d' : {'input': 'tensor', 'kernel_size': 'integer', 'stride': 'integer', 'padding': 'integer', 'dilation': 'integer', 'ceil_mode': 'boolean', 'return_indices': 'boolean'},"
MaxUnpool2d,"{'input': 'tensor', 'indices': 'tensor', 'kernel_size': 'integer', 'stride': 'integer', 'padding': 'integer', 'output_size': 'integer'}",complete,same as max_unpool2d,FALSE,"'MaxUnpool2d' : {'input': 'tensor', 'indices': 'tensor', 'kernel_size': 'integer', 'stride': 'integer', 'padding': 'integer', 'output_size': 'integer'},"
mean,"{'input': 'tensor', 'dim': 'integer', 'keepdim': 'boolean', 'dtype': 'dtype'}",complete,,TRUE,"mean' : {'input': 'tensor', 'dim': 'integer', 'keepdim': 'boolean', 'dtype': 'dtype'},"
min,{'input': 'tensor'},complete,,FALSE,"min' : {'input': 'tensor'},"
minimum,"{'input': 'tensor', 'other': 'tensor'}",complete,,FALSE,"'minimum' : {'input': 'tensor', 'other': 'tensor'},"
movedim,"{'input': 'tensor', 'source': 'integer', 'destination': 'integer'}",complete,,TRUE,"'movedim' : {'input': 'tensor', 'source': 'integer', 'destination': 'integer'},"
mse_loss,"{'input': 'tensor', 'target': 'tensor', 'size_average': 'boolean', 'reduce': 'boolean', 'reduction': 'string'}",complete,same as mse_loss,TRUE,"'mse_loss' : {'input': 'tensor', 'target': 'tensor', 'size_average': 'boolean', 'reduce': 'boolean', 'reduction': 'string'},"
MSELoss,"{'input': 'tensor', 'target': 'tensor', 'size_average': 'boolean', 'reduce': 'boolean', 'reduction': 'string'}",complete,,TRUE,"'MSELoss' : {'input': 'tensor', 'target': 'tensor', 'size_average': 'boolean', 'reduce': 'boolean', 'reduction': 'string'},"
msort,{'input': 'tensor'},complete,,FALSE,"'msort' : {'input': 'tensor'},"
multilabel_soft_margin_loss,"{'input': 'tensor', 'target': 'tensor', 'weight': 'tensor', 'size_average': 'boolean', 'reduce': 'boolean', 'reduction': 'string'}",complete,,FALSE,"'multilabel_soft_margin_loss' : {'input': 'tensor', 'target': 'tensor', 'weight': 'tensor', 'size_average': 'boolean', 'reduce': 'boolean', 'reduction': 'string'},"
MultiLabelSoftMarginLoss,"{'input': 'tensor', 'target': 'tensor', 'weight': 'tensor', 'size_average': 'boolean', 'reduce': 'boolean', 'reduction': 'string'}",complete,same as multilabel_soft_margin_loss,FALSE,"'MultiLabelSoftMarginLoss' : {'input': 'tensor', 'target': 'tensor', 'weight': 'tensor', 'size_average': 'boolean', 'reduce': 'boolean', 'reduction': 'string'},"
mv,"{'input': 'tensor', 'vec': 'tensor'}",complete,,FALSE,"mv' : {'input': 'tensor', 'vec': 'tensor'},"
nanmedian,{'input': 'tensor'},complete,,FALSE,"'nanmedian' : {'input': 'tensor'},"
nanquantile_,"{'input': 'tensor', 'q': 'float', 'dim': 'integer', 'keepdim': 'boolean'}",complete,,FALSE,"'nanquantile_' : {'input': 'tensor', 'q': 'float', 'dim': 'integer', 'keepdim': 'boolean'},"
nansum,"{'input': 'tensor', 'dim': 'tuple', 'keepdim': 'boolean', 'dtype': 'dtype'}",complete,,TRUE,"'nansum' : {'input': 'tensor', 'dim': 'tuple', 'keepdim': 'boolean', 'dtype': 'dtype'},"
narrow,"{'input': 'tensor', 'dim': 'integer', 'length': 'integer', 'start': 'integer'}",complete,,TRUE,"'narrow' : {'input': 'tensor', 'dim': 'integer', 'length': 'integer', 'start': 'integer'},"
nextafter,"{'input': 'tensor', 'other': 'tensor'}",complete,,FALSE,"'nextafter' : {'input': 'tensor', 'other': 'tensor'},"
nll_loss,"{'input': 'tensor', 'target': 'tensor', 'weight': 'tensor', 'ignore_index': 'integer', 'reduction': 'string'}",complete,,TRUE,"'nll_loss' : {'input': 'tensor', 'target': 'tensor', 'weight': 'tensor', 'ignore_index': 'integer', 'reduction': 'string'},"
NLLLoss,"{'input': 'tensor', 'target': 'tensor', 'weight': 'tensor', 'ignore_index': 'integer', 'reduction': 'string'}",complete,size_average and reduce is deprecated,TRUE,"'NLLLoss' : {'input': 'tensor', 'target': 'tensor', 'weight': 'tensor', 'ignore_index': 'integer', 'reduction': 'string'},"
normalize,"{'input': 'tensor', 'dim': 'integer', 'eps': 'float', 'p': 'float'}",complete,,FALSE,"'normalize' : {'input': 'tensor', 'dim': 'integer', 'eps': 'float', 'p': 'float'},"
outer,"{'input': 'tensor', 'vec2': 'tensor'}",complete,,TRUE,"'outer' : {'input': 'tensor', 'vec2': 'tensor'},"
pad,"{'input': 'tensor', 'pad': 'tuple', 'mode': 'string', 'value': 'float'}",complete,,FALSE,"'pad' : {'input': 'tensor', 'pad': 'tuple', 'mode': 'string', 'value': 'float'},"
pad_sequence,"{'sequences': 'tensor_list', 'batch_first': 'boolean', 'padding_value': 'float'}",complete,,FALSE,"'pad_sequence' : {'sequences': 'tensor_list', 'batch_first': 'boolean', 'padding_value': 'float'},"
pairwise_distance,"{'x1': 'tensor', 'x2': 'tensor', 'p': 'float', 'eps': 'float', 'keepdim': 'boolean'}",complete,,FALSE,"'pairwise_distance' : {'x1': 'tensor', 'x2': 'tensor', 'p': 'float', 'eps': 'float', 'keepdim': 'boolean'},"
PairwiseDistance,"{'x1': 'tensor', 'x2': 'tensor', 'p': 'float', 'eps': 'float', 'keepdim': 'boolean'}",complete,same as pairwise_distance,FALSE,"'PairwiseDistance' : {'x1': 'tensor', 'x2': 'tensor', 'p': 'float', 'eps': 'float', 'keepdim': 'boolean'},"
pinverse,"{'input': 'tensor', 'rcond': 'float'}",complete,,FALSE,"'pinverse' : {'input': 'tensor', 'rcond': 'float'},"
pixel_shuffle,"{'input': 'tensor', 'upscale_factor': 'integer'}",complete,,FALSE,"'pixel_shuffle' : {'input': 'tensor', 'upscale_factor': 'integer'},"
PixelShuffle,"{'input': 'tensor', 'upscale_factor': 'integer'}",complete,same as pixel_shuffle,FALSE,"'PixelShuffle' : {'input': 'tensor', 'upscale_factor': 'integer'},"
PoissonNLLLoss,"{'input': 'tensor', 'target': 'tensor', 'log_input': 'boolean', 'full': 'boolean', 'eps': 'float', 'reduction': 'string'}",complete,size_average and reduce is deprecated,TRUE,"'PoissonNLLLoss' : {'input': 'tensor', 'target': 'tensor', 'log_input': 'boolean', 'full': 'boolean', 'eps': 'float', 'reduction': 'string'},"
polar,"{'abs': 'tensor', 'angle': 'tensor'}",complete,,FALSE,"'polar' : {'abs': 'tensor': 'angle': 'tensor'},"
prelu,"{ 'input': 'tensor', 'weight': 'tensor' }",complete,,TRUE,"'prelu' : { 'input': 'tensor', 'weight': 'tensor' },"
PReLU_,"{ 'input': 'tensor', 'num_parameters': 'integer', 'init': 'float' }",complete,,TRUE,"'PReLU_' : { 'input': 'tensor', 'num_parameters': 'integer', 'init': 'float' },"
promote_types,"{ 'type1': 'dtype', 'type2': 'dtype' }",complete,,TRUE,"'promote_types' : { 'type1': 'dtype', 'type2': 'dtype' },"
rad2deg,{ 'input': 'tensor' },complete,,TRUE,"'rad2deg' : { 'input': 'tensor' },"
range,"{ 'start': 'float', 'end': 'float', 'step': 'float', 'dtype': 'dtype', 'requires_grad': 'boolean' }",complete,"skipped layout=torch.strided, device=torch.device",TRUE,"'range' : { 'start': 'float', 'end': 'float', 'step': 'float', 'dtype': 'dtype', 'requires_grad': 'boolean' },"
ReflectionPad1d,"{ 'input': 'tensor', 'padding': 'tuple' }",complete,,TRUE,"'ReflectionPad1d' : { 'input': 'tensor', 'padding': 'tuple' },"
ReflectionPad2d,"{ 'input': 'tensor', 'padding': 'tuple' }",complete,,TRUE,"'ReflectionPad2d' : { 'input': 'tensor', 'padding': 'tuple' },"
relu,"{ 'input': 'tensor', 'inplace': 'boolean' }",complete,,TRUE,"'relu' : { 'input': 'tensor', 'inplace': 'boolean' },"
ReLU_,"{ 'input': 'tensor', 'inplace': 'boolean' }",complete,,TRUE,"'ReLU_' : { 'input': 'tensor', 'inplace': 'boolean' },"
ReLU6_,"{ 'input': 'tensor', 'inplace': 'boolean' }",complete,,TRUE,"'ReLU6_' : { 'input': 'tensor', 'inplace': 'boolean' },"
remainder,"{'input': 'tensor', 'other': 'tensor'}",complete,,FALSE,"remainder' : {'input': 'tensor', 'other': 'tensor'},"
ReplicationPad1d,"{ 'input': 'tensor', 'padding': 'tuple' }",complete,,TRUE,"'ReplicationPad1d' : { 'input': 'tensor', 'padding': 'tuple' },"
ReplicationPad3d,"{ 'input': 'tensor', 'padding': 'tuple' }",complete,,TRUE,"'ReplicationPad3d' : { 'input': 'tensor', 'padding': 'tuple' },"
rot90,"{ 'input': 'tensor', 'k': 'integer', 'dims': 'tuple' }",complete,,TRUE,"'rot90' : { 'input': 'tensor', 'k': 'integer', 'dims': 'tuple' },"
rrelu,"{ 'input': 'tensor', 'lower': 'float', 'upper': 'float', 'training': 'boolean',  'inplace':  'boolean' }",complete,,TRUE,"'rrelu' : { 'input': 'tensor', 'lower': 'float', 'upper': 'float', 'training': 'boolean',  'inplace':  'boolean' },"
rrelu_,"{ 'input': 'tensor', 'lower': 'float', 'upper': 'float', 'training': 'boolean' }",complete,inplace=True version of rrelu,TRUE,"'rrelu_' : { 'input': 'tensor', 'lower': 'float', 'upper': 'float', 'training': 'boolean' },"
scatter_add,"{ 'input': 'tensor', 'dim': 'integer', 'index': 'tensor', 'src': 'tensor' }",complete,,TRUE,"'scatter_add' : { 'input': 'tensor', 'dim': 'integer', 'index': 'tensor', 'src': 'tensor' },"
searchsorted,"{ 'sorted_sequence': 'tensor', 'values': 'tensor', 'out_int32': 'boolean', 'right': 'boolean' }",complete,add more if performs worse,TRUE,"'searchsorted' : { 'sorted_sequence': 'tensor', 'values': 'tensor', 'out_int32': 'boolean', 'right': 'boolean' },"
SELU,"{ 'input': 'tensor', 'inplace': 'boolean' }",complete,,TRUE,"'SELU' : { 'input': 'tensor', 'inplace': 'boolean' },"
selu_,"{ 'input': 'tensor', 'inplace': 'boolean' }",complete,,TRUE,"'selu_' : { 'input': 'tensor', 'inplace': 'boolean' },"
sgn,{ 'input': 'tensor' },complete,,TRUE,"'sgn' : { 'input': 'tensor' },"
sigmoid,{ 'input': 'tensor' },complete,,TRUE,"'sigmoid' : { 'input': 'tensor' },"
Sigmoid_,{ 'input': 'tensor' },complete,,TRUE,"'Sigmoid_' : { 'input': 'tensor' },"
signbit,{ 'input': 'tensor' },complete,,TRUE,"'signbit' : { 'input': 'tensor' },"
silu,"{ 'input': 'tensor', 'inplace': 'boolean' }",complete,,TRUE,"'silu' : { 'input': 'tensor', 'inplace': 'boolean' },"
SiLU_,"{ 'input': 'tensor', 'inplace': 'boolean' }",complete,,TRUE,"'SiLU_' : { 'input': 'tensor', 'inplace': 'boolean' },"
slogdet,{'A': 'tensor'},complete,,TRUE,"slogdet' : {'A': 'tensor'},"
Softmax,"{'input': 'tensor', 'dim': 'integer'}",complete,,TRUE,"'Softmax' : {'input': 'tensor', 'dim': 'integer'},"
Softmax2d,{ 'input': 'tensor' },complete,,TRUE,"'Softmax2d' : { 'input': 'tensor' },"
Softmin,"{'input': 'tensor', 'dim': 'integer'}",complete,,TRUE,"'Softmin' : {'input': 'tensor', 'dim': 'integer'},"
softplus,"{ 'input': 'tensor', 'beta': 'float', 'threshold': 'float' }",complete,,TRUE,"'softplus' : { 'input': 'tensor', 'beta': 'float', 'threshold': 'float' },"
Softplus_,"{ 'input': 'tensor', 'beta': 'float', 'threshold': 'float' }",complete,,FALSE,"'Softplus_' : { 'input': 'tensor', 'beta': 'float', 'threshold': 'float' },"
Softshrink,"{ 'input': 'tensor',  'lambd': 'float' }",complete,,TRUE,"'Softshrink' : { 'input': 'tensor',  'lambd': 'float' },"
softshrink_,"{ 'input': 'tensor',  'lambd': 'float' }",complete,,TRUE,"'softshrink_' : { 'input': 'tensor',  'lambd': 'float' },"
softsign,{ 'input': 'tensor' },complete,,TRUE,"'softsign' : { 'input': 'tensor' },"
Softsign_,{ 'input': 'tensor' },complete,,TRUE,"'Softsign_' : { 'input': 'tensor' },"
solve,"{'A': 'tensor', 'B': 'tensor', 'left': 'boolean'}",complete,,TRUE,"'solve' : {'A': 'tensor', 'B': 'tensor', 'left': 'boolean'},"
sparse_coo_tensor,"{ 'indices': 'tensor', 'values': 'tensor', 'size': 'tuple', 'dtype': 'dtype', 'requires_grad': 'boolean', 'check_invariants': 'boolean', 'is_coalesced': 'boolean' }",complete,,TRUE,"'sparse_coo_tensor' : { 'indices': 'tensor', 'values': 'tensor', 'size': 'tuple', 'dtype': 'dtype', 'requires_grad': 'boolean', 'check_invariants': 'boolean', 'is_coalesced': 'boolean' },"
split,"{ 'tensor': 'tensor', 'split_size_or_sections': 'integer', 'dim': 'integer' }",complete,,TRUE,"'split' : { 'tensor': 'tensor', 'split_size_or_sections': 'integer', 'dim': 'integer' },"
squeeze,"{'input': 'tensor', 'dim': 'integer'}",complete,,TRUE,"squeeze' : {'input': 'tensor', 'dim': 'integer'},"
std,"{'input': 'tensor', 'dim': 'tuple', 'correction': 'integer', 'keepdim': 'boolean'}",complete,,FALSE,"std' : {'input': 'tensor', 'dim': 'tuple', 'correction': 'integer', 'keepdim': 'boolean'},"
std_mean,"{'input': 'tensor', 'dim': 'integer', 'correction': 'integer', 'keepdim': 'boolean'}",complete,,FALSE,"'std_mean' : {'input': 'tensor', 'dim': 'integer', 'correction': 'integer', 'keepdim': 'boolean'},"
sub,"{ 'input': 'tensor', 'other': 'tensor', 'alpha': 'float' }",complete,,TRUE,"'sub' : { 'input': 'tensor', 'other': 'tensor', 'alpha': 'float' },"
tan,{'input': 'tensor'},complete,,FALSE,"tan' : {'input': 'tensor'},"
tensordot,"{'a': 'tensor', 'b': 'tensor', 'dims': 'tuple'}",complete,,TRUE,"'tensordot' : {'a': 'tensor', 'b': 'tensor', 'dims': 'tuple'},"
trapz,"{ 'y': 'tensor', 'x': 'tensor', 'dx': 'float', 'dim': 'integer'}",complete,,TRUE,"trapz' : { 'y': 'tensor', 'x': 'tensor', 'dx': 'float', 'dim': 'integer'},"
triangular_solve,"{'b': 'tensor', 'A': 'tensor', 'upper': 'boolean', 'transpose': 'boolean', 'unitriangular': 'boolean'}",complete,,TRUE,"'triangular_solve' : {'b': 'tensor', 'A': 'tensor', 'upper': 'boolean', 'transpose': 'boolean', 'unitriangular': 'boolean'},"
tril_indices_,"{'row': 'integer', 'col': 'integer', 'offset': 'integer', 'dtype': 'dtype'}",complete,,TRUE,"'tril_indices_' : {'row': 'integer', 'col': 'integer', 'offset': 'integer', 'dtype': 'dtype'},"
triu,"{'input': 'tensor', 'diagonal': 'integer'}",complete,,TRUE,"triu' : {'input': 'tensor', 'diagonal': 'integer'},"
triu_indices,"{'row': 'integer', 'col': 'integer', 'offset': 'integer', 'dtype': 'dtype'}",complete,,TRUE,"'triu_indices' : {'row': 'integer', 'col': 'integer', 'offset': 'integer', 'dtype': 'dtype'},"
trunc,{'input': 'tensor'},complete,,TRUE,"trunc' : {'input': 'tensor'},"
unique,"{'dim': 'integer', 'input': 'tensor', 'return_counts': 'boolean', 'return_inverse': 'boolean', 'sorted': 'boolean'}",complete,,FALSE,"'unique' : {'dim': 'integer', 'input': 'tensor', 'return_counts': 'boolean', 'return_inverse': 'boolean', 'sorted': 'boolean'},"
unique_consecutive,"{'dim': 'integer', 'input': 'tensor', 'return_counts': 'boolean', 'return_inverse': 'boolean'}",complete,,FALSE,"'unique_consecutive' : {'dim': 'integer', 'input': 'tensor', 'return_counts': 'boolean', 'return_inverse': 'boolean'},"
var,"{'input': 'tensor', 'dim': 'integer', 'correction': 'integer', 'keepdim': 'boolean'}",complete,,TRUE,"'var' : {'input': 'tensor', 'dim': 'integer', 'correction': 'integer', 'keepdim': 'boolean'},"
var_mean,"{'input': 'tensor', 'dim': 'integer', 'correction': 'integer', 'keepdim': 'boolean'}",complete,,TRUE,"'var_mean' : {'input': 'tensor', 'dim': 'integer', 'correction': 'integer', 'keepdim': 'boolean'},"
where,"{'condition': 'tensor', 'input': 'tensor', 'other': 'tensor'}",complete,,TRUE,"'where' : {'condition': 'tensor', 'input': 'tensor', 'other': 'tensor'},"
poisson_nll_loss,"{'input': 'tensor', 'target': 'tensor', 'log_input': 'boolean', 'full': 'boolean', 'size_average': 'boolean', 'eps': 'float', 'reduce': 'boolean', 'reduction': 'string'}",complete,,TRUE,"'poisson_nll_loss' : {'input': 'tensor', 'target': 'tensor', 'log_input': 'boolean', 'full': 'boolean', 'size_average': 'boolean', 'eps': 'float', 'reduce': 'boolean', 'reduction': 'string'},"
conv_transpose2d,"{'input': 'tensor', 'weight': 'tensor', 'stride': 'integer', 'padding': 'integer'}",complete,,FALSE,"'conv_transpose2d' : {'input': 'tensor', 'weight': 'tensor', 'stride': 'integer', 'padding': 'integer'},"
poisson,{'input': 'tensor'},complete,,FALSE,"'poisson' : {'input': 'tensor'},"
lu_unpack,"{'LU_data': 'tensor', 'LU_pivots': 'tensor', 'unpack_data': 'boolean', 'unpack_pivots': 'boolean'}",complete,,FALSE,"'lu_unpack' : {'LU_data': 'tensor', 'LU_pivots': 'tensor', 'unpack_data': 'boolean', 'unpack_pivots': 'boolean'},"
scatter,"{'input': 'tensor', 'dim': 'integer', 'index': 'tensor', 'src': 'tensor'}",complete,,FALSE,"'scatter' : {'input': 'tensor', 'dim': 'integer', 'index': 'tensor', 'src': 'tensor'},"