API,Status
torch.BoolStorage,Driver generation successful
torch.ByteStorage,Driver generation tried but failed
torch.CharStorage,Driver generation successful
torch.ComplexDoubleStorage,Driver generation not attempted
torch.ComplexFloatStorage,Driver generation not attempted
torch.DeserializationStorageContext,Driver generation not attempted
torch.DoubleStorage,Driver generation successful
torch.FloatStorage,Driver generation successful
torch.HalfStorage,Driver generation tried but failed
torch.IntStorage,Driver generation successful
torch.LongStorage,Driver generation successful
torch.SerializationStorageContext,Driver generation tried but failed
torch.ShortStorage,Driver generation successful
torch.TypedStorage,Driver generation not attempted
torch.UntypedStorage,Driver generation tried but failed
torch.abs,Driver generation successful
torch.abs_,Driver generation successful
torch.absolute,Driver generation successful
torch.accelerator,Driver generation not attempted
torch.acos,Driver generation successful
torch.acos_,Driver generation successful
torch.acosh,Driver generation successful
torch.acosh_,Driver generation successful
torch.add,Driver generation successful
torch.addbmm,Driver generation successful
torch.addcdiv,Driver generation successful
torch.addcmul,Driver generation successful
torch.addmm,Driver generation successful
torch.addmv,Driver generation successful
torch.addmv_,Driver generation successful
torch.addr,Driver generation successful
torch.adjoint,Driver generation successful
torch.affine_grid_generator,Driver generation tried but failed
torch.alias_copy,Driver generation successful
torch.align_tensors,Driver generation not attempted
torch.all,Driver generation successful
torch.allclose,Driver generation successful
torch.alpha_dropout,Driver generation tried but failed
torch.alpha_dropout_,Driver generation tried but failed
torch.amax,Driver generation successful
torch.amin,Driver generation successful
torch.aminmax,Driver generation successful
torch.amp,Driver generation successful
torch.angle,Driver generation successful
torch.any,Driver generation successful
torch.ao,Driver generation tried but failed
torch.arange,Driver generation successful
torch.arccos,Driver generation successful
torch.arccos_,Driver generation successful
torch.arccosh,Driver generation successful
torch.arccosh_,Driver generation not attempted
torch.arcsin,Driver generation successful
torch.arcsin_,Driver generation successful
torch.arcsinh,Driver generation successful
torch.arcsinh_,Driver generation successful
torch.arctan,Driver generation successful
torch.arctan_,Driver generation successful
torch.arctanh,Driver generation successful
torch.arctanh_,Driver generation successful
torch.are_deterministic_algorithms_enabled,Driver generation successful
torch.argmax,Driver generation successful
torch.argmin,Driver generation successful
torch.argsort,Driver generation successful
torch.argwhere,Driver generation successful
torch.as_strided,Driver generation successful
torch.as_strided_,Driver generation not attempted
torch.as_strided_copy,Driver generation tried but failed
torch.as_strided_scatter,Driver generation successful
torch.as_tensor,Driver generation successful
torch.asarray,Driver generation successful
torch.asin,Driver generation successful
torch.asin_,Driver generation successful
torch.asinh,Driver generation successful
torch.asinh_,Driver generation successful
torch.atan,Driver generation successful
torch.atan2,Driver generation successful
torch.atan_,Driver generation successful
torch.atanh,Driver generation successful
torch.atanh_,Driver generation successful
torch.atleast_1d,Driver generation successful
torch.atleast_2d,Driver generation successful
torch.atleast_3d,Driver generation successful
torch.autocast,Driver generation successful
torch.autocast_decrement_nesting,Driver generation successful
torch.autocast_increment_nesting,Driver generation successful
torch.autograd,Driver generation not attempted
torch.backends,Driver generation not attempted
torch.baddbmm,Driver generation successful
torch.bartlett_window,Driver generation tried but failed
torch.batch_norm,Driver generation tried but failed
torch.batch_norm_backward_elemt,Driver generation tried but failed
torch.batch_norm_backward_reduce,Driver generation tried but failed
torch.batch_norm_elemt,Driver generation tried but failed
torch.batch_norm_gather_stats,Driver generation tried but failed
torch.batch_norm_gather_stats_with_counts,Driver generation tried but failed
torch.batch_norm_stats,Driver generation tried but failed
torch.batch_norm_update_stats,Driver generation not attempted
torch.bernoulli,Driver generation successful
torch.bilinear,Driver generation tried but failed
torch.binary_cross_entropy_with_logits,Driver generation not attempted
torch.bincount,Driver generation successful
torch.binomial,Driver generation tried but failed
torch.bitwise_and,Driver generation successful
torch.bitwise_left_shift,Driver generation successful
torch.bitwise_not,Driver generation successful
torch.bitwise_or,Driver generation successful
torch.bitwise_right_shift,Driver generation successful
torch.bitwise_xor,Driver generation successful
torch.blackman_window,Driver generation tried but failed
torch.block_diag,Driver generation successful
torch.bmm,Driver generation successful
torch.broadcast_shapes,Driver generation successful
torch.broadcast_tensors,Driver generation successful
torch.broadcast_to,Driver generation successful
torch.bucketize,Driver generation successful
torch.builtins,Driver generation not attempted
torch.can_cast,Driver generation tried but failed
torch.cartesian_prod,Driver generation successful
torch.cat,Driver generation successful
torch.ccol_indices_copy,Driver generation not attempted
torch.cdist,Driver generation successful
torch.ceil,Driver generation successful
torch.ceil_,Driver generation successful
torch.celu,Driver generation successful
torch.celu_,Driver generation tried but failed
torch.chain_matmul,Driver generation successful
torch.channel_shuffle,Driver generation successful
torch.cholesky,Driver generation successful
torch.cholesky_inverse,Driver generation successful
torch.cholesky_solve,Driver generation successful
torch.choose_qparams_optimized,Driver generation not attempted
torch.chunk,Driver generation successful
torch.clamp,Driver generation successful
torch.clamp_,Driver generation not attempted
torch.clamp_max,Driver generation successful
torch.clamp_max_,Driver generation not attempted
torch.clamp_min,Driver generation not attempted
torch.clamp_min_,Driver generation not attempted
torch.classes,Driver generation not attempted
torch.classproperty,Driver generation successful
torch.clear_autocast_cache,Driver generation successful
torch.clip,Driver generation successful
torch.clip_,Driver generation successful
torch.clone,Driver generation successful
torch.col_indices_copy,Driver generation not attempted
torch.column_stack,Driver generation successful
torch.combinations,Driver generation successful
torch.compile,Driver generation tried but failed
torch.compiler,Driver generation not attempted
torch.complex,Driver generation successful
torch.concat,Driver generation successful
torch.concatenate,Driver generation successful
torch.cond,Driver generation successful
torch.conj,Driver generation successful
torch.conj_physical,Driver generation successful
torch.conj_physical_,Driver generation successful
torch.constant_pad_nd,Driver generation not attempted
torch.conv_tbc,Driver generation tried but failed
torch.convolution,Driver generation tried but failed
torch.copysign,Driver generation successful
torch.corrcoef,Driver generation successful
torch.cos,Driver generation successful
torch.cos_,Driver generation successful
torch.cosh,Driver generation successful
torch.cosh_,Driver generation successful
torch.cosine_embedding_loss,Driver generation tried but failed
torch.cosine_similarity,Driver generation tried but failed
torch.count_nonzero,Driver generation successful
torch.cov,Driver generation tried but failed
torch.cpp,Driver generation not attempted
torch.cpu,Driver generation not attempted
torch.cross,Driver generation successful
torch.crow_indices_copy,Driver generation tried but failed
torch.ctc_loss,Driver generation tried but failed
torch.ctypes,Driver generation not attempted
torch.cuda,Driver generation successful
torch.cudnn_affine_grid_generator,Driver generation successful
torch.cudnn_batch_norm,Driver generation tried but failed
torch.cudnn_convolution,Driver generation tried but failed
torch.cudnn_convolution_add_relu,Driver generation tried but failed
torch.cudnn_convolution_relu,Driver generation not attempted
torch.cudnn_convolution_transpose,Driver generation tried but failed
torch.cudnn_grid_sampler,Driver generation tried but failed
torch.cudnn_is_acceptable,Driver generation tried but failed
torch.cummax,Driver generation successful
torch.cummin,Driver generation successful
torch.cumprod,Driver generation successful
torch.cumsum,Driver generation successful
torch.cumulative_trapezoid,Driver generation tried but failed
torch.deg2rad,Driver generation successful
torch.dequantize,Driver generation successful
torch.det,Driver generation successful
torch.detach,Driver generation not attempted
torch.detach_,Driver generation not attempted
torch.detach_copy,Driver generation not attempted
torch.device,Driver generation not attempted
torch.diag,Driver generation successful
torch.diag_embed,Driver generation successful
torch.diagflat,Driver generation successful
torch.diagonal,Driver generation successful
torch.diagonal_copy,Driver generation tried but failed
torch.diagonal_scatter,Driver generation tried but failed
torch.diff,Driver generation successful
torch.digamma,Driver generation successful
torch.dist,Driver generation successful
torch.distributed,Driver generation successful
torch.distributions,Driver generation tried but failed
torch.div,Driver generation successful
torch.divide,Driver generation tried but failed
torch.dot,Driver generation successful
torch.dropout,Driver generation tried but failed
torch.dropout_,Driver generation not attempted
torch.dsmm,Driver generation not attempted
torch.dsplit,Driver generation tried but failed
torch.dstack,Driver generation successful
torch.dtype,Driver generation not attempted
torch.eig,Driver generation successful
torch.einsum,Driver generation successful
torch.embedding,Driver generation tried but failed
torch.embedding_bag,Driver generation tried but failed
torch.embedding_renorm_,Driver generation not attempted
torch.empty,Driver generation successful
torch.empty_like,Driver generation successful
torch.empty_permuted,Driver generation tried but failed
torch.empty_quantized,Driver generation tried but failed
torch.empty_strided,Driver generation successful
torch.enable_grad,Driver generation successful
torch.eq,Driver generation successful
torch.equal,Driver generation successful
torch.erf,Driver generation successful
torch.erf_,Driver generation successful
torch.erfc,Driver generation successful
torch.erfc_,Driver generation successful
torch.erfinv,Driver generation successful
torch.exp,Driver generation successful
torch.exp2,Driver generation successful
torch.exp_,Driver generation not attempted
torch.expand_copy,Driver generation tried but failed
torch.expm1,Driver generation successful
torch.export,Driver generation not attempted
torch.eye,Driver generation successful
torch.fake_quantize_per_channel_affine,Driver generation successful
torch.fake_quantize_per_tensor_affine,Driver generation successful
torch.fbgemm_linear_quantize_weight,Driver generation not attempted
torch.fbgemm_pack_quantized_matrix,Driver generation tried but failed
torch.feature_alpha_dropout,Driver generation tried but failed
torch.feature_alpha_dropout_,Driver generation tried but failed
torch.feature_dropout,Driver generation tried but failed
torch.feature_dropout_,Driver generation tried but failed
torch.fft,Driver generation successful
torch.fft.Tensor,Driver generation not attempted
torch.fft.fft,Driver generation successful
torch.fft.fft2,Driver generation tried but failed
torch.fft.fftfreq,Driver generation successful
torch.fft.fftn,Driver generation successful
torch.fft.fftshift,Driver generation successful
torch.fft.hfft,Driver generation tried but failed
torch.fft.hfft2,Driver generation tried but failed
torch.fft.hfftn,Driver generation tried but failed
torch.fft.ifft,Driver generation tried but failed
torch.fft.ifft2,Driver generation tried but failed
torch.fft.ifftn,Driver generation tried but failed
torch.fft.ifftshift,Driver generation successful
torch.fft.ihfft,Driver generation tried but failed
torch.fft.ihfft2,Driver generation tried but failed
torch.fft.ihfftn,Driver generation tried but failed
torch.fft.irfft,Driver generation tried but failed
torch.fft.irfft2,Driver generation tried but failed
torch.fft.irfftn,Driver generation tried but failed
torch.fft.rfft,Driver generation successful
torch.fft.rfft2,Driver generation tried but failed
torch.fft.rfftfreq,Driver generation successful
torch.fft.rfftn,Driver generation tried but failed
torch.fft.sys,Driver generation not attempted
torch.fft.torch,Driver generation tried but failed
torch.fill,Driver generation not attempted
torch.fill_,Driver generation not attempted
torch.finfo,Driver generation successful
torch.fix,Driver generation successful
torch.fix_,Driver generation not attempted
torch.flatten,Driver generation successful
torch.flip,Driver generation successful
torch.fliplr,Driver generation successful
torch.flipud,Driver generation successful
torch.float_power,Driver generation successful
torch.floor,Driver generation successful
torch.floor_,Driver generation successful
torch.floor_divide,Driver generation successful
torch.fmax,Driver generation successful
torch.fmin,Driver generation successful
torch.fmod,Driver generation tried but failed
torch.fork,Driver generation not attempted
torch.frac,Driver generation successful
torch.frac_,Driver generation not attempted
torch.frexp,Driver generation successful
torch.frobenius_norm,Driver generation tried but failed
torch.from_dlpack,Driver generation successful
torch.from_file,Driver generation not attempted
torch.from_numpy,Driver generation successful
torch.frombuffer,Driver generation successful
torch.full,Driver generation successful
torch.full_like,Driver generation successful
torch.func,Driver generation not attempted
torch.functional,Driver generation not attempted
torch.fused_moving_avg_obs_fake_quant,Driver generation not attempted
torch.futures,Driver generation successful
torch.fx,Driver generation not attempted
torch.gather,Driver generation tried but failed
torch.gcd,Driver generation tried but failed
torch.gcd_,Driver generation successful
torch.ge,Driver generation successful
torch.geqrf,Driver generation tried but failed
torch.ger,Driver generation successful
torch.get_autocast_cpu_dtype,Driver generation successful
torch.get_autocast_dtype,Driver generation tried but failed
torch.get_autocast_gpu_dtype,Driver generation tried but failed
torch.get_autocast_ipu_dtype,Driver generation tried but failed
torch.get_autocast_xla_dtype,Driver generation tried but failed
torch.get_default_device,Driver generation successful
torch.get_default_dtype,Driver generation successful
torch.get_deterministic_debug_mode,Driver generation successful
torch.get_device,Driver generation successful
torch.get_device_module,Driver generation tried but failed
torch.get_file_path,Driver generation successful
torch.get_num_interop_threads,Driver generation tried but failed
torch.get_num_threads,Driver generation tried but failed
torch.get_rng_state,Driver generation successful
torch.glob,Driver generation not attempted
torch.gradient,Driver generation tried but failed
torch.greater,Driver generation successful
torch.greater_equal,Driver generation successful
torch.grid_sampler,Driver generation tried but failed
torch.group_norm,Driver generation tried but failed
torch.gru,Driver generation tried but failed
torch.gru_cell,Driver generation not attempted
torch.gt,Driver generation successful
torch.hamming_window,Driver generation successful
torch.hann_window,Driver generation successful
torch.hardshrink,Driver generation not attempted
torch.heaviside,Driver generation successful
torch.hinge_embedding_loss,Driver generation tried but failed
torch.histc,Driver generation successful
torch.histogram,Driver generation successful
torch.histogramdd,Driver generation tried but failed
torch.hsmm,Driver generation not attempted
torch.hsplit,Driver generation successful
torch.hspmm,Driver generation successful
torch.hstack,Driver generation successful
torch.hub,Driver generation not attempted
torch.hypot,Driver generation successful
torch.i0,Driver generation successful
torch.igamma,Driver generation successful
torch.igammac,Driver generation successful
torch.iinfo,Driver generation successful
torch.imag,Driver generation successful
torch.import_ir_module,Driver generation tried but failed
torch.import_ir_module_from_buffer,Driver generation successful
torch.importlib,Driver generation not attempted
torch.index_add,Driver generation tried but failed
torch.index_copy,Driver generation tried but failed
torch.index_fill,Driver generation tried but failed
torch.index_put,Driver generation successful
torch.index_put_,Driver generation not attempted
torch.index_reduce,Driver generation tried but failed
torch.index_select,Driver generation successful
torch.indices_copy,Driver generation tried but failed
torch.inference_mode,Driver generation not attempted
torch.init_num_threads,Driver generation not attempted
torch.initial_seed,Driver generation tried but failed
torch.inner,Driver generation successful
torch.inspect,Driver generation not attempted
torch.instance_norm,Driver generation tried but failed
torch.int_repr,Driver generation tried but failed
torch.inverse,Driver generation successful
torch.is_anomaly_check_nan_enabled,Driver generation successful
torch.is_anomaly_enabled,Driver generation successful
torch.is_autocast_cache_enabled,Driver generation successful
torch.is_autocast_cpu_enabled,Driver generation successful
torch.is_autocast_enabled,Driver generation successful
torch.is_autocast_ipu_enabled,Driver generation successful
torch.is_autocast_xla_enabled,Driver generation successful
torch.is_complex,Driver generation tried but failed
torch.is_conj,Driver generation tried but failed
torch.is_deterministic_algorithms_warn_only_enabled,Driver generation tried but failed
torch.is_distributed,Driver generation not attempted
torch.is_floating_point,Driver generation successful
torch.is_grad_enabled,Driver generation successful
torch.is_inference,Driver generation tried but failed
torch.is_inference_mode_enabled,Driver generation successful
torch.is_neg,Driver generation tried but failed
torch.is_nonzero,Driver generation successful
torch.is_same_size,Driver generation successful
torch.is_signed,Driver generation tried but failed
torch.is_storage,Driver generation tried but failed
torch.is_tensor,Driver generation successful
torch.is_vulkan_available,Driver generation not attempted
torch.is_warn_always_enabled,Driver generation successful
torch.isclose,Driver generation successful
torch.isfinite,Driver generation successful
torch.isin,Driver generation successful
torch.isinf,Driver generation successful
torch.isnan,Driver generation successful
torch.isneginf,Driver generation successful
torch.isposinf,Driver generation successful
torch.isreal,Driver generation successful
torch.istft,Driver generation tried but failed
torch.jit,Driver generation not attempted
torch.jit.Attribute,Driver generation tried but failed
torch.jit.CompilationUnit,Driver generation successful
torch.jit.Error,Driver generation successful
torch.jit.Final,Driver generation not attempted
torch.jit.Future,Driver generation not attempted
torch.jit.Iterator,Driver generation not attempted
torch.jit.ONNXTracedModule,Driver generation not attempted
torch.jit.RecursiveScriptClass,Driver generation not attempted
torch.jit.RecursiveScriptModule,Driver generation not attempted
torch.jit.ScriptFunction,Driver generation not attempted
torch.jit.ScriptModule,Driver generation tried but failed
torch.jit.ScriptWarning,Driver generation successful
torch.jit.TopLevelTracedModule,Driver generation not attempted
torch.jit.TracedModule,Driver generation not attempted
torch.jit.TracerWarning,Driver generation tried but failed
torch.jit.TracingCheckError,Driver generation not attempted
torch.jit.annotate,Driver generation successful
torch.jit.annotations,Driver generation tried but failed
torch.jit.contextmanager,Driver generation not attempted
torch.jit.enable_onednn_fusion,Driver generation successful
torch.jit.export,Driver generation not attempted
torch.jit.export_opnames,Driver generation tried but failed
torch.jit.fork,Driver generation successful
torch.jit.freeze,Driver generation successful
torch.jit.frontend,Driver generation not attempted
torch.jit.fuser,Driver generation successful
torch.jit.ignore,Driver generation successful
torch.jit.interface,Driver generation not attempted
torch.jit.is_scripting,Driver generation successful
torch.jit.is_tracing,Driver generation successful
torch.jit.isinstance,Driver generation tried but failed
torch.jit.jit_module_from_flatbuffer,Driver generation tried but failed
torch.jit.last_executed_optimized_graph,Driver generation tried but failed
torch.jit.load,Driver generation successful
torch.jit.mobile.LiteScriptModule,Driver generation not attempted
torch.jit.mobile.os,Driver generation not attempted
torch.jit.mobile.torch,Driver generation not attempted
torch.jit.mobile.validate_map_location,Driver generation not attempted
torch.jit.onednn_fusion_enabled,Driver generation tried but failed
torch.jit.optimize_for_inference,Driver generation successful
torch.jit.optimized_execution,Driver generation tried but failed
torch.jit.run_frozen_optimizations,Driver generation successful
torch.jit.save,Driver generation tried but failed
torch.jit.save_jit_module_to_flatbuffer,Driver generation tried but failed
torch.jit.script,Driver generation successful
torch.jit.script_if_tracing,Driver generation successful
torch.jit.script_method,Driver generation successful
torch.jit.set_fusion_strategy,Driver generation successful
torch.jit.set_module,Driver generation successful
torch.jit.strict_fusion,Driver generation successful
torch.jit.torch,Driver generation not attempted
torch.jit.trace,Driver generation successful
torch.jit.trace_module,Driver generation tried but failed
torch.jit.unused,Driver generation tried but failed
torch.jit.wait,Driver generation successful
torch.jit.warnings,Driver generation not attempted
torch.kaiser_window,Driver generation tried but failed
torch.kl_div,Driver generation tried but failed
torch.kron,Driver generation successful
torch.kthvalue,Driver generation successful
torch.layer_norm,Driver generation tried but failed
torch.layout,Driver generation not attempted
torch.lcm,Driver generation successful
torch.lcm_,Driver generation not attempted
torch.ldexp,Driver generation successful
torch.ldexp_,Driver generation successful
torch.le,Driver generation successful
torch.lerp,Driver generation successful
torch.less,Driver generation successful
torch.less_equal,Driver generation successful
torch.lgamma,Driver generation successful
torch.library,Driver generation not attempted
torch.linalg,Driver generation successful
torch.linalg.LinAlgError,Driver generation successful
torch.linalg.Tensor,Driver generation not attempted
torch.linalg.cholesky,Driver generation tried but failed
torch.linalg.cholesky_ex,Driver generation tried but failed
torch.linalg.cond,Driver generation not attempted
torch.linalg.cross,Driver generation tried but failed
torch.linalg.det,Driver generation tried but failed
torch.linalg.diagonal,Driver generation tried but failed
torch.linalg.eig,Driver generation tried but failed
torch.linalg.eigh,Driver generation tried but failed
torch.linalg.eigvals,Driver generation successful
torch.linalg.eigvalsh,Driver generation tried but failed
torch.linalg.householder_product,Driver generation tried but failed
torch.linalg.inv,Driver generation successful
torch.linalg.inv_ex,Driver generation tried but failed
torch.linalg.ldl_factor,Driver generation tried but failed
torch.linalg.ldl_factor_ex,Driver generation tried but failed
torch.linalg.ldl_solve,Driver generation tried but failed
torch.linalg.lstsq,Driver generation tried but failed
torch.linalg.lu,Driver generation successful
torch.linalg.lu_factor,Driver generation tried but failed
torch.linalg.lu_factor_ex,Driver generation tried but failed
torch.linalg.lu_solve,Driver generation tried but failed
torch.linalg.matmul,Driver generation tried but failed
torch.linalg.matrix_exp,Driver generation tried but failed
torch.linalg.matrix_norm,Driver generation tried but failed
torch.linalg.matrix_power,Driver generation tried but failed
torch.linalg.matrix_rank,Driver generation tried but failed
torch.linalg.multi_dot,Driver generation successful
torch.linalg.norm,Driver generation tried but failed
torch.linalg.pinv,Driver generation successful
torch.linalg.qr,Driver generation tried but failed
torch.linalg.slogdet,Driver generation tried but failed
torch.linalg.solve,Driver generation tried but failed
torch.linalg.solve_ex,Driver generation successful
torch.linalg.solve_triangular,Driver generation successful
torch.linalg.svd,Driver generation tried but failed
torch.linalg.svdvals,Driver generation successful
torch.linalg.tensorinv,Driver generation successful
torch.linalg.tensorsolve,Driver generation successful
torch.linalg.torch,Driver generation not attempted
torch.linalg.vander,Driver generation not attempted
torch.linalg.vecdot,Driver generation successful
torch.linalg.vector_norm,Driver generation successful
torch.linspace,Driver generation successful
torch.load,Driver generation not attempted
torch.lobpcg,Driver generation tried but failed
torch.log,Driver generation successful
torch.log10,Driver generation successful
torch.log1p,Driver generation successful
torch.log2,Driver generation successful
torch.log_,Driver generation successful
torch.log_softmax,Driver generation tried but failed
torch.logaddexp,Driver generation successful
torch.logaddexp2,Driver generation successful
torch.logcumsumexp,Driver generation successful
torch.logdet,Driver generation successful
torch.logical_and,Driver generation successful
torch.logical_not,Driver generation successful
torch.logical_or,Driver generation successful
torch.logical_xor,Driver generation successful
torch.logit,Driver generation successful
torch.logit_,Driver generation successful
torch.logspace,Driver generation successful
torch.logsumexp,Driver generation successful
torch.lstm,Driver generation tried but failed
torch.lstm_cell,Driver generation not attempted
torch.lstsq,Driver generation successful
torch.lt,Driver generation successful
torch.lu,Driver generation not attempted
torch.lu_solve,Driver generation successful
torch.lu_unpack,Driver generation tried but failed
torch.manual_seed,Driver generation successful
torch.margin_ranking_loss,Driver generation tried but failed
torch.masked,Driver generation successful
torch.masked_fill,Driver generation not attempted
torch.masked_scatter,Driver generation successful
torch.masked_select,Driver generation successful
torch.math,Driver generation not attempted
torch.matmul,Driver generation successful
torch.matrix_exp,Driver generation successful
torch.matrix_power,Driver generation successful
torch.matrix_rank,Driver generation successful
torch.max,Driver generation successful
torch.maximum,Driver generation successful
torch.mean,Driver generation successful
torch.median,Driver generation successful
torch.memory_format,Driver generation not attempted
torch.merge_type_from_type_comment,Driver generation not attempted
torch.meshgrid,Driver generation successful
torch.min,Driver generation successful
torch.minimum,Driver generation successful
torch.miopen_batch_norm,Driver generation tried but failed
torch.miopen_convolution,Driver generation tried but failed
torch.miopen_convolution_add_relu,Driver generation tried but failed
torch.miopen_convolution_relu,Driver generation not attempted
torch.miopen_convolution_transpose,Driver generation tried but failed
torch.miopen_depthwise_convolution,Driver generation tried but failed
torch.miopen_rnn,Driver generation tried but failed
torch.mkldnn_convolution,Driver generation tried but failed
torch.mkldnn_linear_backward_weights,Driver generation not attempted
torch.mkldnn_rnn_layer,Driver generation tried but failed
torch.mm,Driver generation successful
torch.mode,Driver generation tried but failed
torch.monitor,Driver generation not attempted
torch.moveaxis,Driver generation successful
torch.movedim,Driver generation successful
torch.mps,Driver generation not attempted
torch.msort,Driver generation successful
torch.mtia,Driver generation not attempted
torch.mul,Driver generation successful
torch.multinomial,Driver generation successful
torch.multiply,Driver generation successful
torch.multiprocessing,Driver generation tried but failed
torch.mv,Driver generation successful
torch.mvlgamma,Driver generation successful
torch.nan_to_num,Driver generation successful
torch.nan_to_num_,Driver generation not attempted
torch.nanmean,Driver generation tried but failed
torch.nanmedian,Driver generation successful
torch.nanquantile,Driver generation tried but failed
torch.nansum,Driver generation successful
torch.narrow,Driver generation successful
torch.narrow_copy,Driver generation successful
torch.native_batch_norm,Driver generation tried but failed
torch.native_channel_shuffle,Driver generation successful
torch.native_dropout,Driver generation tried but failed
torch.native_group_norm,Driver generation not attempted
torch.native_layer_norm,Driver generation not attempted
torch.native_norm,Driver generation tried but failed
torch.ne,Driver generation successful
torch.neg,Driver generation successful
torch.neg_,Driver generation not attempted
torch.negative,Driver generation successful
torch.negative_,Driver generation successful
torch.nested,Driver generation successful
torch.nextafter,Driver generation successful
torch.nn,Driver generation tried but failed
torch.nn.AdaptiveAvgPool1d,Driver generation tried but failed
torch.nn.AdaptiveAvgPool2d,Driver generation tried but failed
torch.nn.AdaptiveAvgPool3d,Driver generation tried but failed
torch.nn.AdaptiveLogSoftmaxWithLoss,Driver generation tried but failed
torch.nn.AdaptiveMaxPool1d,Driver generation tried but failed
torch.nn.AdaptiveMaxPool2d,Driver generation tried but failed
torch.nn.AdaptiveMaxPool3d,Driver generation tried but failed
torch.nn.AlphaDropout,Driver generation tried but failed
torch.nn.AvgPool1d,Driver generation successful
torch.nn.AvgPool2d,Driver generation not attempted
torch.nn.AvgPool3d,Driver generation not attempted
torch.nn.BCELoss,Driver generation successful
torch.nn.BCEWithLogitsLoss,Driver generation successful
torch.nn.BatchNorm1d,Driver generation tried but failed
torch.nn.BatchNorm2d,Driver generation successful
torch.nn.BatchNorm3d,Driver generation not attempted
torch.nn.Bilinear,Driver generation tried but failed
torch.nn.Buffer,Driver generation not attempted
torch.nn.CELU,Driver generation successful
torch.nn.CTCLoss,Driver generation tried but failed
torch.nn.ChannelShuffle,Driver generation not attempted
torch.nn.CircularPad1d,Driver generation successful
torch.nn.CircularPad2d,Driver generation tried but failed
torch.nn.CircularPad3d,Driver generation not attempted
torch.nn.ConstantPad1d,Driver generation successful
torch.nn.ConstantPad2d,Driver generation not attempted
torch.nn.ConstantPad3d,Driver generation not attempted
torch.nn.Container,Driver generation not attempted
torch.nn.Conv1d,Driver generation tried but failed
torch.nn.Conv2d,Driver generation tried but failed
torch.nn.Conv3d,Driver generation tried but failed
torch.nn.ConvTranspose1d,Driver generation tried but failed
torch.nn.ConvTranspose2d,Driver generation tried but failed
torch.nn.ConvTranspose3d,Driver generation tried but failed
torch.nn.CosineEmbeddingLoss,Driver generation successful
torch.nn.CosineSimilarity,Driver generation successful
torch.nn.CrossEntropyLoss,Driver generation successful
torch.nn.CrossMapLRN2d,Driver generation not attempted
torch.nn.DataParallel,Driver generation tried but failed
torch.nn.Dropout,Driver generation tried but failed
torch.nn.Dropout1d,Driver generation tried but failed
torch.nn.Dropout2d,Driver generation tried but failed
torch.nn.Dropout3d,Driver generation tried but failed
torch.nn.ELU,Driver generation not attempted
torch.nn.Embedding,Driver generation tried but failed
torch.nn.EmbeddingBag,Driver generation tried but failed
torch.nn.FeatureAlphaDropout,Driver generation tried but failed
torch.nn.Flatten,Driver generation successful
torch.nn.Fold,Driver generation tried but failed
torch.nn.FractionalMaxPool2d,Driver generation successful
torch.nn.FractionalMaxPool3d,Driver generation tried but failed
torch.nn.GELU,Driver generation not attempted
torch.nn.GLU,Driver generation not attempted
torch.nn.GRU,Driver generation tried but failed
torch.nn.GRUCell,Driver generation successful
torch.nn.GaussianNLLLoss,Driver generation successful
torch.nn.GroupNorm,Driver generation successful
torch.nn.Hardshrink,Driver generation successful
torch.nn.Hardsigmoid,Driver generation successful
torch.nn.Hardswish,Driver generation successful
torch.nn.Hardtanh,Driver generation successful
torch.nn.HingeEmbeddingLoss,Driver generation successful
torch.nn.HuberLoss,Driver generation successful
torch.nn.Identity,Driver generation successful
torch.nn.InstanceNorm1d,Driver generation successful
torch.nn.InstanceNorm2d,Driver generation successful
torch.nn.InstanceNorm3d,Driver generation successful
torch.nn.KLDivLoss,Driver generation successful
torch.nn.L1Loss,Driver generation successful
torch.nn.LPPool1d,Driver generation successful
torch.nn.LPPool2d,Driver generation successful
torch.nn.LPPool3d,Driver generation tried but failed
torch.nn.LSTM,Driver generation tried but failed
torch.nn.LSTMCell,Driver generation successful
torch.nn.LayerNorm,Driver generation successful
torch.nn.LazyBatchNorm1d,Driver generation successful
torch.nn.LazyBatchNorm2d,Driver generation successful
torch.nn.LazyBatchNorm3d,Driver generation tried but failed
torch.nn.LazyConv1d,Driver generation tried but failed
torch.nn.LazyConv2d,Driver generation tried but failed
torch.nn.LazyConv3d,Driver generation tried but failed
torch.nn.LazyConvTranspose1d,Driver generation tried but failed
torch.nn.LazyConvTranspose2d,Driver generation tried but failed
torch.nn.LazyConvTranspose3d,Driver generation tried but failed
torch.nn.LazyInstanceNorm1d,Driver generation successful
torch.nn.LazyInstanceNorm2d,Driver generation successful
torch.nn.LazyInstanceNorm3d,Driver generation tried but failed
torch.nn.LazyLinear,Driver generation tried but failed
torch.nn.LeakyReLU,Driver generation successful
torch.nn.Linear,Driver generation successful
torch.nn.LocalResponseNorm,Driver generation successful
torch.nn.LogSigmoid,Driver generation successful
torch.nn.LogSoftmax,Driver generation successful
torch.nn.MSELoss,Driver generation successful
torch.nn.MarginRankingLoss,Driver generation successful
torch.nn.MaxPool1d,Driver generation tried but failed
torch.nn.MaxPool2d,Driver generation successful
torch.nn.MaxPool3d,Driver generation successful
torch.nn.MaxUnpool1d,Driver generation tried but failed
torch.nn.MaxUnpool2d,Driver generation successful
torch.nn.MaxUnpool3d,Driver generation successful
torch.nn.Mish,Driver generation successful
torch.nn.Module,Driver generation not attempted
torch.nn.ModuleDict,Driver generation tried but failed
torch.nn.ModuleList,Driver generation tried but failed
torch.nn.MultiLabelMarginLoss,Driver generation tried but failed
torch.nn.MultiLabelSoftMarginLoss,Driver generation successful
torch.nn.MultiMarginLoss,Driver generation tried but failed
torch.nn.MultiheadAttention,Driver generation successful
torch.nn.NLLLoss,Driver generation successful
torch.nn.NLLLoss2d,Driver generation not attempted
torch.nn.PReLU,Driver generation successful
torch.nn.PairwiseDistance,Driver generation successful
torch.nn.Parameter,Driver generation successful
torch.nn.ParameterDict,Driver generation tried but failed
torch.nn.ParameterList,Driver generation successful
torch.nn.PixelShuffle,Driver generation successful
torch.nn.PixelUnshuffle,Driver generation successful
torch.nn.PoissonNLLLoss,Driver generation successful
torch.nn.RMSNorm,Driver generation successful
torch.nn.RNN,Driver generation tried but failed
torch.nn.RNNBase,Driver generation tried but failed
torch.nn.RNNCell,Driver generation tried but failed
torch.nn.RNNCellBase,Driver generation not attempted
torch.nn.RReLU,Driver generation successful
torch.nn.ReLU,Driver generation successful
torch.nn.ReLU6,Driver generation successful
torch.nn.ReflectionPad1d,Driver generation successful
torch.nn.ReflectionPad2d,Driver generation successful
torch.nn.ReflectionPad3d,Driver generation successful
torch.nn.ReplicationPad1d,Driver generation successful
torch.nn.ReplicationPad2d,Driver generation tried but failed
torch.nn.ReplicationPad3d,Driver generation successful
torch.nn.SELU,Driver generation successful
torch.nn.Sequential,Driver generation tried but failed
torch.nn.SiLU,Driver generation successful
torch.nn.Sigmoid,Driver generation successful
torch.nn.SmoothL1Loss,Driver generation successful
torch.nn.SoftMarginLoss,Driver generation successful
torch.nn.Softmax,Driver generation successful
torch.nn.Softmax2d,Driver generation successful
torch.nn.Softmin,Driver generation successful
torch.nn.Softplus,Driver generation successful
torch.nn.Softshrink,Driver generation successful
torch.nn.Softsign,Driver generation successful
torch.nn.SyncBatchNorm,Driver generation successful
torch.nn.Tanh,Driver generation successful
torch.nn.Tanhshrink,Driver generation successful
torch.nn.Threshold,Driver generation successful
torch.nn.Transformer,Driver generation tried but failed
torch.nn.TransformerDecoder,Driver generation tried but failed
torch.nn.TransformerDecoderLayer,Driver generation tried but failed
torch.nn.TransformerEncoder,Driver generation tried but failed
torch.nn.TransformerEncoderLayer,Driver generation tried but failed
torch.nn.TripletMarginLoss,Driver generation successful
torch.nn.TripletMarginWithDistanceLoss,Driver generation not attempted
torch.nn.Unflatten,Driver generation successful
torch.nn.Unfold,Driver generation tried but failed
torch.nn.UninitializedBuffer,Driver generation tried but failed
torch.nn.UninitializedParameter,Driver generation successful
torch.nn.Upsample,Driver generation tried but failed
torch.nn.UpsamplingBilinear2d,Driver generation tried but failed
torch.nn.UpsamplingNearest2d,Driver generation tried but failed
torch.nn.ZeroPad1d,Driver generation successful
torch.nn.ZeroPad2d,Driver generation successful
torch.nn.ZeroPad3d,Driver generation not attempted
torch.nn.attention,Driver generation tried but failed
torch.nn.attention.Iterable,Driver generation not attempted
torch.nn.attention.List,Driver generation not attempted
torch.nn.attention.SDPAParams,Driver generation tried but failed
torch.nn.attention.SDPBackend,Driver generation successful
torch.nn.attention.Union,Driver generation not attempted
torch.nn.attention.can_use_efficient_attention,Driver generation tried but failed
torch.nn.attention.can_use_flash_attention,Driver generation tried but failed
torch.nn.attention.contextlib,Driver generation not attempted
torch.nn.attention.sdpa_kernel,Driver generation tried but failed
torch.nn.attention.torch,Driver generation not attempted
torch.nn.attention.warn,Driver generation tried but failed
torch.nn.common_types,Driver generation not attempted
torch.nn.factory_kwargs,Driver generation not attempted
torch.nn.functional,Driver generation not attempted
torch.nn.functional.adaptive_avg_pool1d,Driver generation successful
torch.nn.functional.adaptive_avg_pool2d,Driver generation successful
torch.nn.functional.adaptive_max_pool1d,Driver generation successful
torch.nn.functional.adaptive_max_pool2d,Driver generation successful
torch.nn.functional.alpha_dropout,Driver generation successful
torch.nn.functional.avg_pool1d,Driver generation successful
torch.nn.functional.avg_pool2d,Driver generation successful
torch.nn.functional.batch_norm,Driver generation successful
torch.nn.functional.binary_cross_entropy_with_logits,Driver generation successful
torch.nn.functional.celu,Driver generation successful
torch.nn.functional.conv_transpose2d,Driver generation successful
torch.nn.functional.cosine_similarity,Driver generation successful
torch.nn.functional.cross_entropy,Driver generation successful
torch.nn.functional.embedding,Driver generation successful
torch.nn.functional.embedding_bag,Driver generation successful
torch.nn.functional.gelu,Driver generation successful
torch.nn.functional.hardshrink,Driver generation successful
torch.nn.functional.hardsigmoid,Driver generation successful
torch.nn.functional.hardswish,Driver generation successful
torch.nn.functional.interpolate,Driver generation successful
torch.nn.functional.l1_loss,Driver generation successful
torch.nn.functional.layer_norm,Driver generation successful
torch.nn.functional.leaky_relu,Driver generation successful
torch.nn.functional.linear,Driver generation successful
torch.nn.functional.log_softmax,Driver generation successful
torch.nn.functional.logsigmoid,Driver generation successful
torch.nn.functional.lp_pool1d,Driver generation successful
torch.nn.functional.lp_pool2d,Driver generation successful
torch.nn.functional.margin_ranking_loss,Driver generation successful
torch.nn.functional.max_pool1d,Driver generation successful
torch.nn.functional.max_pool2d,Driver generation successful
torch.nn.functional.max_pool3d,Driver generation successful
torch.nn.functional.max_unpool2d,Driver generation successful
torch.nn.functional.mse_loss,Driver generation successful
torch.nn.functional.multilabel_soft_margin_loss,Driver generation successful
torch.nn.functional.nll_loss,Driver generation successful
torch.nn.functional.normalize,Driver generation successful
torch.nn.functional.pad,Driver generation successful
torch.nn.functional.pairwise_distance,Driver generation successful
torch.nn.functional.pixel_shuffle,Driver generation successful
torch.nn.functional.poisson_nll_loss,Driver generation successful
torch.nn.functional.prelu,Driver generation successful
torch.nn.functional.relu,Driver generation successful
torch.nn.functional.relu6,Driver generation successful
torch.nn.functional.rrelu,Driver generation successful
torch.nn.functional.rrelu_,Driver generation successful
torch.nn.functional.selu,Driver generation successful
torch.nn.functional.silu,Driver generation successful
torch.nn.functional.softmax,Driver generation successful
torch.nn.functional.softmin,Driver generation successful
torch.nn.functional.softplus,Driver generation successful
torch.nn.functional.softshrink,Driver generation successful
torch.nn.functional.softsign,Driver generation successful
torch.nn.grad,Driver generation not attempted
torch.nn.init,Driver generation tried but failed
torch.nn.intrinsic,Driver generation not attempted
torch.nn.intrinsic.BNReLU2d,Driver generation tried but failed
torch.nn.intrinsic.BNReLU3d,Driver generation tried but failed
torch.nn.intrinsic.ConvBn1d,Driver generation tried but failed
torch.nn.intrinsic.ConvBn2d,Driver generation tried but failed
torch.nn.intrinsic.ConvBn3d,Driver generation tried but failed
torch.nn.intrinsic.ConvBnReLU1d,Driver generation tried but failed
torch.nn.intrinsic.ConvBnReLU2d,Driver generation tried but failed
torch.nn.intrinsic.ConvBnReLU3d,Driver generation tried but failed
torch.nn.intrinsic.ConvReLU1d,Driver generation tried but failed
torch.nn.intrinsic.ConvReLU2d,Driver generation tried but failed
torch.nn.intrinsic.ConvReLU3d,Driver generation tried but failed
torch.nn.intrinsic.LinearBn1d,Driver generation not attempted
torch.nn.intrinsic.LinearReLU,Driver generation not attempted
torch.nn.intrinsic.modules,Driver generation not attempted
torch.nn.intrinsic.modules.BNReLU2d,Driver generation tried but failed
torch.nn.intrinsic.modules.BNReLU3d,Driver generation tried but failed
torch.nn.intrinsic.modules.ConvBn1d,Driver generation tried but failed
torch.nn.intrinsic.modules.ConvBn2d,Driver generation tried but failed
torch.nn.intrinsic.modules.ConvBn3d,Driver generation tried but failed
torch.nn.intrinsic.modules.ConvBnReLU1d,Driver generation tried but failed
torch.nn.intrinsic.modules.ConvBnReLU2d,Driver generation tried but failed
torch.nn.intrinsic.modules.ConvBnReLU3d,Driver generation tried but failed
torch.nn.intrinsic.modules.ConvReLU1d,Driver generation tried but failed
torch.nn.intrinsic.modules.ConvReLU2d,Driver generation tried but failed
torch.nn.intrinsic.modules.ConvReLU3d,Driver generation not attempted
torch.nn.intrinsic.modules.LinearBn1d,Driver generation tried but failed
torch.nn.intrinsic.modules.LinearReLU,Driver generation not attempted
torch.nn.intrinsic.modules.fused,Driver generation not attempted
torch.nn.intrinsic.qat,Driver generation tried but failed
torch.nn.intrinsic.qat.ConvBn1d,Driver generation tried but failed
torch.nn.intrinsic.qat.ConvBn2d,Driver generation tried but failed
torch.nn.intrinsic.qat.ConvBn3d,Driver generation tried but failed
torch.nn.intrinsic.qat.ConvBnReLU1d,Driver generation tried but failed
torch.nn.intrinsic.qat.ConvBnReLU2d,Driver generation tried but failed
torch.nn.intrinsic.qat.ConvBnReLU3d,Driver generation tried but failed
torch.nn.intrinsic.qat.ConvReLU1d,Driver generation tried but failed
torch.nn.intrinsic.qat.ConvReLU2d,Driver generation tried but failed
torch.nn.intrinsic.qat.ConvReLU3d,Driver generation tried but failed
torch.nn.intrinsic.qat.LinearBn1d,Driver generation tried but failed
torch.nn.intrinsic.qat.LinearReLU,Driver generation tried but failed
torch.nn.intrinsic.qat.freeze_bn_stats,Driver generation not attempted
torch.nn.intrinsic.qat.modules,Driver generation tried but failed
torch.nn.intrinsic.qat.modules.ConvBn1d,Driver generation tried but failed
torch.nn.intrinsic.qat.modules.ConvBn2d,Driver generation tried but failed
torch.nn.intrinsic.qat.modules.ConvBn3d,Driver generation tried but failed
torch.nn.intrinsic.qat.modules.ConvBnReLU1d,Driver generation tried but failed
torch.nn.intrinsic.qat.modules.ConvBnReLU2d,Driver generation tried but failed
torch.nn.intrinsic.qat.modules.ConvBnReLU3d,Driver generation tried but failed
torch.nn.intrinsic.qat.modules.ConvReLU1d,Driver generation tried but failed
torch.nn.intrinsic.qat.modules.ConvReLU2d,Driver generation not attempted
torch.nn.intrinsic.qat.modules.ConvReLU3d,Driver generation tried but failed
torch.nn.intrinsic.qat.modules.LinearBn1d,Driver generation tried but failed
torch.nn.intrinsic.qat.modules.LinearReLU,Driver generation not attempted
torch.nn.intrinsic.qat.modules.conv_fused,Driver generation tried but failed
torch.nn.intrinsic.qat.modules.freeze_bn_stats,Driver generation not attempted
torch.nn.intrinsic.qat.modules.linear_fused,Driver generation not attempted
torch.nn.intrinsic.qat.modules.linear_relu,Driver generation tried but failed
torch.nn.intrinsic.qat.modules.update_bn_stats,Driver generation not attempted
torch.nn.intrinsic.qat.update_bn_stats,Driver generation not attempted
torch.nn.intrinsic.quantized,Driver generation not attempted
torch.nn.intrinsic.quantized.BNReLU2d,Driver generation tried but failed
torch.nn.intrinsic.quantized.BNReLU3d,Driver generation not attempted
torch.nn.intrinsic.quantized.ConvReLU1d,Driver generation tried but failed
torch.nn.intrinsic.quantized.ConvReLU2d,Driver generation tried but failed
torch.nn.intrinsic.quantized.ConvReLU3d,Driver generation tried but failed
torch.nn.intrinsic.quantized.LinearReLU,Driver generation tried but failed
torch.nn.intrinsic.quantized.dynamic,Driver generation not attempted
torch.nn.intrinsic.quantized.dynamic.LinearReLU,Driver generation not attempted
torch.nn.intrinsic.quantized.dynamic.modules,Driver generation not attempted
torch.nn.intrinsic.quantized.dynamic.modules.LinearReLU,Driver generation tried but failed
torch.nn.intrinsic.quantized.dynamic.modules.linear_relu,Driver generation not attempted
torch.nn.intrinsic.quantized.modules,Driver generation tried but failed
torch.nn.intrinsic.quantized.modules.BNReLU2d,Driver generation tried but failed
torch.nn.intrinsic.quantized.modules.BNReLU3d,Driver generation tried but failed
torch.nn.intrinsic.quantized.modules.ConvReLU1d,Driver generation tried but failed
torch.nn.intrinsic.quantized.modules.ConvReLU2d,Driver generation tried but failed
torch.nn.intrinsic.quantized.modules.ConvReLU3d,Driver generation tried but failed
torch.nn.intrinsic.quantized.modules.LinearReLU,Driver generation tried but failed
torch.nn.intrinsic.quantized.modules.bn_relu,Driver generation tried but failed
torch.nn.intrinsic.quantized.modules.conv_relu,Driver generation tried but failed
torch.nn.intrinsic.quantized.modules.linear_relu,Driver generation tried but failed
torch.nn.modules,Driver generation not attempted
torch.nn.modules.AdaptiveAvgPool1d,Driver generation not attempted
torch.nn.modules.AdaptiveAvgPool2d,Driver generation tried but failed
torch.nn.modules.AdaptiveAvgPool3d,Driver generation tried but failed
torch.nn.modules.AdaptiveLogSoftmaxWithLoss,Driver generation tried but failed
torch.nn.modules.AdaptiveMaxPool1d,Driver generation tried but failed
torch.nn.modules.AdaptiveMaxPool2d,Driver generation tried but failed
torch.nn.modules.AdaptiveMaxPool3d,Driver generation tried but failed
torch.nn.modules.AlphaDropout,Driver generation tried but failed
torch.nn.modules.AvgPool1d,Driver generation not attempted
torch.nn.modules.AvgPool2d,Driver generation tried but failed
torch.nn.modules.AvgPool3d,Driver generation tried but failed
torch.nn.modules.BCELoss,Driver generation not attempted
torch.nn.modules.BCEWithLogitsLoss,Driver generation not attempted
torch.nn.modules.BatchNorm1d,Driver generation not attempted
torch.nn.modules.BatchNorm2d,Driver generation not attempted
torch.nn.modules.BatchNorm3d,Driver generation not attempted
torch.nn.modules.Bilinear,Driver generation tried but failed
torch.nn.modules.CELU,Driver generation not attempted
torch.nn.modules.CTCLoss,Driver generation tried but failed
torch.nn.modules.ChannelShuffle,Driver generation tried but failed
torch.nn.modules.CircularPad1d,Driver generation not attempted
torch.nn.modules.CircularPad2d,Driver generation not attempted
torch.nn.modules.CircularPad3d,Driver generation not attempted
torch.nn.modules.ConstantPad1d,Driver generation not attempted
torch.nn.modules.ConstantPad2d,Driver generation tried but failed
torch.nn.modules.ConstantPad3d,Driver generation tried but failed
torch.nn.modules.Container,Driver generation not attempted
torch.nn.modules.Conv1d,Driver generation tried but failed
torch.nn.modules.Conv2d,Driver generation tried but failed
torch.nn.modules.Conv3d,Driver generation tried but failed
torch.nn.modules.ConvTranspose1d,Driver generation tried but failed
torch.nn.modules.ConvTranspose2d,Driver generation tried but failed
torch.nn.modules.ConvTranspose3d,Driver generation tried but failed
torch.nn.modules.CosineEmbeddingLoss,Driver generation not attempted
torch.nn.modules.CosineSimilarity,Driver generation not attempted
torch.nn.modules.CrossEntropyLoss,Driver generation tried but failed
torch.nn.modules.CrossMapLRN2d,Driver generation not attempted
torch.nn.modules.Dropout,Driver generation not attempted
torch.nn.modules.Dropout1d,Driver generation tried but failed
torch.nn.modules.Dropout2d,Driver generation tried but failed
torch.nn.modules.Dropout3d,Driver generation tried but failed
torch.nn.modules.ELU,Driver generation not attempted
torch.nn.modules.Embedding,Driver generation tried but failed
torch.nn.modules.EmbeddingBag,Driver generation not attempted
torch.nn.modules.FeatureAlphaDropout,Driver generation tried but failed
torch.nn.modules.Flatten,Driver generation tried but failed
torch.nn.modules.Fold,Driver generation tried but failed
torch.nn.modules.FractionalMaxPool2d,Driver generation tried but failed
torch.nn.modules.FractionalMaxPool3d,Driver generation tried but failed
torch.nn.modules.GELU,Driver generation not attempted
torch.nn.modules.GLU,Driver generation not attempted
torch.nn.modules.GRU,Driver generation tried but failed
torch.nn.modules.GRUCell,Driver generation tried but failed
torch.nn.modules.GaussianNLLLoss,Driver generation not attempted
torch.nn.modules.GroupNorm,Driver generation tried but failed
torch.nn.modules.Hardshrink,Driver generation tried but failed
torch.nn.modules.Hardsigmoid,Driver generation not attempted
torch.nn.modules.Hardswish,Driver generation not attempted
torch.nn.modules.Hardtanh,Driver generation tried but failed
torch.nn.modules.HingeEmbeddingLoss,Driver generation tried but failed
torch.nn.modules.HuberLoss,Driver generation not attempted
torch.nn.modules.Identity,Driver generation not attempted
torch.nn.modules.InstanceNorm1d,Driver generation tried but failed
torch.nn.modules.InstanceNorm2d,Driver generation tried but failed
torch.nn.modules.InstanceNorm3d,Driver generation tried but failed
torch.nn.modules.KLDivLoss,Driver generation tried but failed
torch.nn.modules.L1Loss,Driver generation tried but failed
torch.nn.modules.LPPool1d,Driver generation tried but failed
torch.nn.modules.LPPool2d,Driver generation tried but failed
torch.nn.modules.LPPool3d,Driver generation tried but failed
torch.nn.modules.LSTM,Driver generation tried but failed
torch.nn.modules.LSTMCell,Driver generation tried but failed
torch.nn.modules.LayerNorm,Driver generation tried but failed
torch.nn.modules.LazyBatchNorm1d,Driver generation tried but failed
torch.nn.modules.LazyBatchNorm2d,Driver generation not attempted
torch.nn.modules.LazyBatchNorm3d,Driver generation tried but failed
torch.nn.modules.LazyConv1d,Driver generation tried but failed
torch.nn.modules.LazyConv2d,Driver generation tried but failed
torch.nn.modules.LazyConv3d,Driver generation tried but failed
torch.nn.modules.LazyConvTranspose1d,Driver generation tried but failed
torch.nn.modules.LazyConvTranspose2d,Driver generation tried but failed
torch.nn.modules.LazyConvTranspose3d,Driver generation tried but failed
torch.nn.modules.LazyInstanceNorm1d,Driver generation not attempted
torch.nn.modules.LazyInstanceNorm2d,Driver generation not attempted
torch.nn.modules.LazyInstanceNorm3d,Driver generation not attempted
torch.nn.modules.LazyLinear,Driver generation not attempted
torch.nn.modules.LeakyReLU,Driver generation tried but failed
torch.nn.modules.Linear,Driver generation tried but failed
torch.nn.modules.LocalResponseNorm,Driver generation tried but failed
torch.nn.modules.LogSigmoid,Driver generation not attempted
torch.nn.modules.LogSoftmax,Driver generation not attempted
torch.nn.modules.MSELoss,Driver generation tried but failed
torch.nn.modules.MarginRankingLoss,Driver generation tried but failed
torch.nn.modules.MaxPool1d,Driver generation not attempted
torch.nn.modules.MaxPool2d,Driver generation tried but failed
torch.nn.modules.MaxPool3d,Driver generation tried but failed
torch.nn.modules.MaxUnpool1d,Driver generation tried but failed
torch.nn.modules.MaxUnpool2d,Driver generation tried but failed
torch.nn.modules.MaxUnpool3d,Driver generation tried but failed
torch.nn.modules.Mish,Driver generation not attempted
torch.nn.modules.Module,Driver generation tried but failed
torch.nn.modules.ModuleDict,Driver generation not attempted
torch.nn.modules.ModuleList,Driver generation not attempted
torch.nn.modules.MultiLabelMarginLoss,Driver generation tried but failed
torch.nn.modules.MultiLabelSoftMarginLoss,Driver generation tried but failed
torch.nn.modules.MultiMarginLoss,Driver generation tried but failed
torch.nn.modules.MultiheadAttention,Driver generation tried but failed
torch.nn.modules.NLLLoss,Driver generation tried but failed
torch.nn.modules.NLLLoss2d,Driver generation tried but failed
torch.nn.modules.PReLU,Driver generation not attempted
torch.nn.modules.PairwiseDistance,Driver generation tried but failed
torch.nn.modules.ParameterDict,Driver generation not attempted
torch.nn.modules.ParameterList,Driver generation not attempted
torch.nn.modules.PixelShuffle,Driver generation tried but failed
torch.nn.modules.PixelUnshuffle,Driver generation tried but failed
torch.nn.modules.PoissonNLLLoss,Driver generation tried but failed
torch.nn.modules.RMSNorm,Driver generation not attempted
torch.nn.modules.RNN,Driver generation tried but failed
torch.nn.modules.RNNBase,Driver generation tried but failed
torch.nn.modules.RNNCell,Driver generation not attempted
torch.nn.modules.RNNCellBase,Driver generation successful
torch.nn.modules.RReLU,Driver generation tried but failed
torch.nn.modules.ReLU,Driver generation not attempted
torch.nn.modules.ReLU6,Driver generation not attempted
torch.nn.modules.ReflectionPad1d,Driver generation tried but failed
torch.nn.modules.ReflectionPad2d,Driver generation tried but failed
torch.nn.modules.ReflectionPad3d,Driver generation tried but failed
torch.nn.modules.ReplicationPad1d,Driver generation tried but failed
torch.nn.modules.ReplicationPad2d,Driver generation tried but failed
torch.nn.modules.ReplicationPad3d,Driver generation tried but failed
torch.nn.modules.SELU,Driver generation tried but failed
torch.nn.modules.Sequential,Driver generation tried but failed
torch.nn.modules.SiLU,Driver generation not attempted
torch.nn.modules.Sigmoid,Driver generation not attempted
torch.nn.modules.SmoothL1Loss,Driver generation not attempted
torch.nn.modules.SoftMarginLoss,Driver generation not attempted
torch.nn.modules.Softmax,Driver generation tried but failed
torch.nn.modules.Softmax2d,Driver generation tried but failed
torch.nn.modules.Softmin,Driver generation tried but failed
torch.nn.modules.Softplus,Driver generation tried but failed
torch.nn.modules.Softshrink,Driver generation tried but failed
torch.nn.modules.Softsign,Driver generation not attempted
torch.nn.modules.SyncBatchNorm,Driver generation tried but failed
torch.nn.modules.Tanh,Driver generation not attempted
torch.nn.modules.Tanhshrink,Driver generation not attempted
torch.nn.modules.Threshold,Driver generation not attempted
torch.nn.modules.Transformer,Driver generation tried but failed
torch.nn.modules.TransformerDecoder,Driver generation tried but failed
torch.nn.modules.TransformerDecoderLayer,Driver generation tried but failed
torch.nn.modules.TransformerEncoder,Driver generation tried but failed
torch.nn.modules.TransformerEncoderLayer,Driver generation tried but failed
torch.nn.modules.TripletMarginLoss,Driver generation not attempted
torch.nn.modules.TripletMarginWithDistanceLoss,Driver generation not attempted
torch.nn.modules.Unflatten,Driver generation tried but failed
torch.nn.modules.Unfold,Driver generation not attempted
torch.nn.modules.Upsample,Driver generation not attempted
torch.nn.modules.UpsamplingBilinear2d,Driver generation not attempted
torch.nn.modules.UpsamplingNearest2d,Driver generation not attempted
torch.nn.modules.ZeroPad1d,Driver generation not attempted
torch.nn.modules.ZeroPad2d,Driver generation tried but failed
torch.nn.modules.ZeroPad3d,Driver generation not attempted
torch.nn.modules.activation,Driver generation not attempted
torch.nn.modules.adaptive,Driver generation tried but failed
torch.nn.modules.batchnorm,Driver generation not attempted
torch.nn.modules.channelshuffle,Driver generation not attempted
torch.nn.modules.container,Driver generation not attempted
torch.nn.modules.conv,Driver generation tried but failed
torch.nn.modules.distance,Driver generation successful
torch.nn.modules.dropout,Driver generation not attempted
torch.nn.modules.flatten,Driver generation not attempted
torch.nn.modules.fold,Driver generation tried but failed
torch.nn.modules.instancenorm,Driver generation tried but failed
torch.nn.modules.lazy,Driver generation not attempted
torch.nn.modules.linear,Driver generation not attempted
torch.nn.modules.loss,Driver generation tried but failed
torch.nn.modules.module,Driver generation not attempted
torch.nn.modules.normalization,Driver generation not attempted
torch.nn.modules.padding,Driver generation tried but failed
torch.nn.modules.pixelshuffle,Driver generation tried but failed
torch.nn.modules.pooling,Driver generation not attempted
torch.nn.modules.rnn,Driver generation tried but failed
torch.nn.modules.sparse,Driver generation not attempted
torch.nn.modules.transformer,Driver generation tried but failed
torch.nn.modules.upsampling,Driver generation tried but failed
torch.nn.modules.utils,Driver generation not attempted
torch.nn.parallel,Driver generation tried but failed
torch.nn.parallel.DataParallel,Driver generation tried but failed
torch.nn.parallel.DistributedDataParallel,Driver generation tried but failed
torch.nn.parallel.DistributedDataParallelCPU,Driver generation not attempted
torch.nn.parallel.comm,Driver generation successful
torch.nn.parallel.data_parallel,Driver generation successful
torch.nn.parallel.deprecated,Driver generation not attempted
torch.nn.parallel.distributed,Driver generation not attempted
torch.nn.parallel.gather,Driver generation not attempted
torch.nn.parallel.parallel_apply,Driver generation tried but failed
torch.nn.parallel.replicate,Driver generation successful
torch.nn.parallel.scatter,Driver generation tried but failed
torch.nn.parallel.scatter_gather,Driver generation tried but failed
torch.nn.parameter,Driver generation not attempted
torch.nn.qat,Driver generation tried but failed
torch.nn.qat.Conv1d,Driver generation tried but failed
torch.nn.qat.Conv2d,Driver generation tried but failed
torch.nn.qat.Conv3d,Driver generation tried but failed
torch.nn.qat.Embedding,Driver generation not attempted
torch.nn.qat.EmbeddingBag,Driver generation not attempted
torch.nn.qat.Linear,Driver generation tried but failed
torch.nn.qat.dynamic,Driver generation not attempted
torch.nn.qat.dynamic.Linear,Driver generation tried but failed
torch.nn.qat.dynamic.modules,Driver generation tried but failed
torch.nn.qat.dynamic.modules.Linear,Driver generation tried but failed
torch.nn.qat.dynamic.modules.linear,Driver generation tried but failed
torch.nn.qat.modules,Driver generation not attempted
torch.nn.qat.modules.Conv1d,Driver generation tried but failed
torch.nn.qat.modules.Conv2d,Driver generation tried but failed
torch.nn.qat.modules.Conv3d,Driver generation tried but failed
torch.nn.qat.modules.Embedding,Driver generation tried but failed
torch.nn.qat.modules.EmbeddingBag,Driver generation tried but failed
torch.nn.qat.modules.Linear,Driver generation tried but failed
torch.nn.qat.modules.conv,Driver generation tried but failed
torch.nn.qat.modules.embedding_ops,Driver generation tried but failed
torch.nn.qat.modules.linear,Driver generation not attempted
torch.nn.quantizable,Driver generation not attempted
torch.nn.quantizable.LSTM,Driver generation tried but failed
torch.nn.quantizable.LSTMCell,Driver generation tried but failed
torch.nn.quantizable.MultiheadAttention,Driver generation tried but failed
torch.nn.quantizable.modules,Driver generation tried but failed
torch.nn.quantizable.modules.LSTM,Driver generation tried but failed
torch.nn.quantizable.modules.LSTMCell,Driver generation tried but failed
torch.nn.quantizable.modules.MultiheadAttention,Driver generation tried but failed
torch.nn.quantized,Driver generation tried but failed
torch.nn.quantized.BatchNorm2d,Driver generation not attempted
torch.nn.quantized.BatchNorm3d,Driver generation not attempted
torch.nn.quantized.Conv1d,Driver generation tried but failed
torch.nn.quantized.Conv2d,Driver generation tried but failed
torch.nn.quantized.Conv3d,Driver generation not attempted
torch.nn.quantized.ConvTranspose1d,Driver generation tried but failed
torch.nn.quantized.ConvTranspose2d,Driver generation tried but failed
torch.nn.quantized.ConvTranspose3d,Driver generation tried but failed
torch.nn.quantized.DeQuantize,Driver generation not attempted
torch.nn.quantized.Dropout,Driver generation not attempted
torch.nn.quantized.ELU,Driver generation not attempted
torch.nn.quantized.Embedding,Driver generation tried but failed
torch.nn.quantized.EmbeddingBag,Driver generation tried but failed
torch.nn.quantized.FXFloatFunctional,Driver generation not attempted
torch.nn.quantized.FloatFunctional,Driver generation not attempted
torch.nn.quantized.GroupNorm,Driver generation tried but failed
torch.nn.quantized.Hardswish,Driver generation not attempted
torch.nn.quantized.InstanceNorm1d,Driver generation tried but failed
torch.nn.quantized.InstanceNorm2d,Driver generation tried but failed
torch.nn.quantized.InstanceNorm3d,Driver generation tried but failed
torch.nn.quantized.LSTM,Driver generation tried but failed
torch.nn.quantized.LayerNorm,Driver generation tried but failed
torch.nn.quantized.LeakyReLU,Driver generation tried but failed
torch.nn.quantized.Linear,Driver generation tried but failed
torch.nn.quantized.MaxPool2d,Driver generation tried but failed
torch.nn.quantized.MultiheadAttention,Driver generation tried but failed
torch.nn.quantized.PReLU,Driver generation not attempted
torch.nn.quantized.QFunctional,Driver generation successful
torch.nn.quantized.Quantize,Driver generation tried but failed
torch.nn.quantized.ReLU6,Driver generation not attempted
torch.nn.quantized.Sigmoid,Driver generation tried but failed
torch.nn.quantized.Softmax,Driver generation tried but failed
torch.nn.quantized.dynamic,Driver generation not attempted
torch.nn.quantized.dynamic.Conv1d,Driver generation tried but failed
torch.nn.quantized.dynamic.Conv2d,Driver generation tried but failed
torch.nn.quantized.dynamic.Conv3d,Driver generation tried but failed
torch.nn.quantized.dynamic.ConvTranspose1d,Driver generation tried but failed
torch.nn.quantized.dynamic.ConvTranspose2d,Driver generation tried but failed
torch.nn.quantized.dynamic.ConvTranspose3d,Driver generation tried but failed
torch.nn.quantized.dynamic.GRU,Driver generation tried but failed
torch.nn.quantized.dynamic.GRUCell,Driver generation tried but failed
torch.nn.quantized.dynamic.LSTM,Driver generation not attempted
torch.nn.quantized.dynamic.LSTMCell,Driver generation tried but failed
torch.nn.quantized.dynamic.Linear,Driver generation tried but failed
torch.nn.quantized.dynamic.RNNCell,Driver generation tried but failed
torch.nn.quantized.dynamic.modules,Driver generation tried but failed
torch.nn.quantized.dynamic.modules.Conv1d,Driver generation tried but failed
torch.nn.quantized.dynamic.modules.Conv2d,Driver generation tried but failed
torch.nn.quantized.dynamic.modules.Conv3d,Driver generation tried but failed
torch.nn.quantized.dynamic.modules.ConvTranspose1d,Driver generation tried but failed
torch.nn.quantized.dynamic.modules.ConvTranspose2d,Driver generation tried but failed
torch.nn.quantized.dynamic.modules.ConvTranspose3d,Driver generation tried but failed
torch.nn.quantized.dynamic.modules.GRU,Driver generation tried but failed
torch.nn.quantized.dynamic.modules.GRUCell,Driver generation tried but failed
torch.nn.quantized.dynamic.modules.LSTM,Driver generation tried but failed
torch.nn.quantized.dynamic.modules.LSTMCell,Driver generation tried but failed
torch.nn.quantized.dynamic.modules.Linear,Driver generation tried but failed
torch.nn.quantized.dynamic.modules.RNNCell,Driver generation not attempted
torch.nn.quantized.dynamic.modules.conv,Driver generation tried but failed
torch.nn.quantized.dynamic.modules.linear,Driver generation tried but failed
torch.nn.quantized.dynamic.modules.rnn,Driver generation tried but failed
torch.nn.quantized.functional,Driver generation not attempted
torch.nn.quantized.modules,Driver generation not attempted
torch.nn.quantized.modules.BatchNorm2d,Driver generation tried but failed
torch.nn.quantized.modules.BatchNorm3d,Driver generation not attempted
torch.nn.quantized.modules.Conv1d,Driver generation tried but failed
torch.nn.quantized.modules.Conv2d,Driver generation tried but failed
torch.nn.quantized.modules.Conv3d,Driver generation tried but failed
torch.nn.quantized.modules.ConvTranspose1d,Driver generation tried but failed
torch.nn.quantized.modules.ConvTranspose2d,Driver generation tried but failed
torch.nn.quantized.modules.ConvTranspose3d,Driver generation tried but failed
torch.nn.quantized.modules.DeQuantize,Driver generation not attempted
torch.nn.quantized.modules.Dropout,Driver generation tried but failed
torch.nn.quantized.modules.ELU,Driver generation tried but failed
torch.nn.quantized.modules.Embedding,Driver generation not attempted
torch.nn.quantized.modules.EmbeddingBag,Driver generation not attempted
torch.nn.quantized.modules.FXFloatFunctional,Driver generation not attempted
torch.nn.quantized.modules.FloatFunctional,Driver generation not attempted
torch.nn.quantized.modules.GroupNorm,Driver generation tried but failed
torch.nn.quantized.modules.Hardswish,Driver generation not attempted
torch.nn.quantized.modules.InstanceNorm1d,Driver generation tried but failed
torch.nn.quantized.modules.InstanceNorm2d,Driver generation tried but failed
torch.nn.quantized.modules.InstanceNorm3d,Driver generation tried but failed
torch.nn.quantized.modules.LSTM,Driver generation tried but failed
torch.nn.quantized.modules.LayerNorm,Driver generation tried but failed
torch.nn.quantized.modules.LeakyReLU,Driver generation tried but failed
torch.nn.quantized.modules.Linear,Driver generation tried but failed
torch.nn.quantized.modules.MaxPool2d,Driver generation tried but failed
torch.nn.quantized.modules.MultiheadAttention,Driver generation tried but failed
torch.nn.quantized.modules.PReLU,Driver generation tried but failed
torch.nn.quantized.modules.QFunctional,Driver generation not attempted
torch.nn.quantized.modules.Quantize,Driver generation tried but failed
torch.nn.quantized.modules.ReLU6,Driver generation not attempted
torch.nn.quantized.modules.Sigmoid,Driver generation not attempted
torch.nn.quantized.modules.Softmax,Driver generation tried but failed
torch.nn.quantized.modules.activation,Driver generation not attempted
torch.nn.quantized.modules.batchnorm,Driver generation not attempted
torch.nn.quantized.modules.conv,Driver generation tried but failed
torch.nn.quantized.modules.dropout,Driver generation not attempted
torch.nn.quantized.modules.embedding_ops,Driver generation tried but failed
torch.nn.quantized.modules.functional_modules,Driver generation not attempted
torch.nn.quantized.modules.linear,Driver generation not attempted
torch.nn.quantized.modules.normalization,Driver generation not attempted
torch.nn.quantized.modules.rnn,Driver generation not attempted
torch.nn.quantized.modules.utils,Driver generation tried but failed
torch.nn.utils,Driver generation not attempted
torch.nn.utils.clip_grad,Driver generation successful
torch.nn.utils.clip_grad_norm,Driver generation successful
torch.nn.utils.clip_grad_norm_,Driver generation successful
torch.nn.utils.clip_grad_value_,Driver generation tried but failed
torch.nn.utils.clip_grads_with_norm_,Driver generation tried but failed
torch.nn.utils.convert_conv2d_weight_memory_format,Driver generation tried but failed
torch.nn.utils.convert_conv3d_weight_memory_format,Driver generation tried but failed
torch.nn.utils.convert_parameters,Driver generation not attempted
torch.nn.utils.fuse_conv_bn_eval,Driver generation not attempted
torch.nn.utils.fuse_conv_bn_weights,Driver generation tried but failed
torch.nn.utils.fuse_linear_bn_eval,Driver generation tried but failed
torch.nn.utils.fuse_linear_bn_weights,Driver generation tried but failed
torch.nn.utils.fusion,Driver generation successful
torch.nn.utils.get_total_norm,Driver generation successful
torch.nn.utils.init,Driver generation tried but failed
torch.nn.utils.memory_format,Driver generation not attempted
torch.nn.utils.parameters_to_vector,Driver generation successful
torch.nn.utils.parametrizations,Driver generation tried but failed
torch.nn.utils.parametrize,Driver generation tried but failed
torch.nn.utils.remove_spectral_norm,Driver generation not attempted
torch.nn.utils.remove_weight_norm,Driver generation successful
torch.nn.utils.rnn,Driver generation tried but failed
torch.nn.utils.rnn.pad_sequence,Driver generation successful
torch.nn.utils.skip_init,Driver generation tried but failed
torch.nn.utils.spectral_norm,Driver generation tried but failed
torch.nn.utils.stateless,Driver generation not attempted
torch.nn.utils.vector_to_parameters,Driver generation successful
torch.nn.utils.weight_norm,Driver generation tried but failed
torch.no_grad,Driver generation successful
torch.nonzero,Driver generation successful
torch.nonzero_static,Driver generation not attempted
torch.norm,Driver generation successful
torch.norm_except_dim,Driver generation not attempted
torch.normal,Driver generation tried but failed
torch.not_equal,Driver generation successful
torch.nuclear_norm,Driver generation not attempted
torch.numel,Driver generation successful
torch.ones,Driver generation successful
torch.ones_like,Driver generation successful
torch.ops,Driver generation not attempted
torch.optim,Driver generation successful
torch.orgqr,Driver generation not attempted
torch.ormqr,Driver generation tried but failed
torch.os,Driver generation not attempted
torch.outer,Driver generation successful
torch.overrides,Driver generation not attempted
torch.package,Driver generation not attempted
torch.pairwise_distance,Driver generation tried but failed
torch.parse_ir,Driver generation tried but failed
torch.parse_schema,Driver generation successful
torch.parse_type_comment,Driver generation successful
torch.pca_lowrank,Driver generation tried but failed
torch.pdist,Driver generation successful
torch.permute,Driver generation successful
torch.permute_copy,Driver generation not attempted
torch.pinverse,Driver generation successful
torch.pixel_shuffle,Driver generation tried but failed
torch.pixel_unshuffle,Driver generation tried but failed
torch.platform,Driver generation not attempted
torch.poisson,Driver generation tried but failed
torch.poisson_nll_loss,Driver generation tried but failed
torch.polar,Driver generation successful
torch.polygamma,Driver generation successful
torch.positive,Driver generation successful
torch.pow,Driver generation successful
torch.prelu,Driver generation tried but failed
torch.prepare_multiprocessing_environment,Driver generation successful
torch.prod,Driver generation successful
torch.profiler,Driver generation not attempted
torch.promote_types,Driver generation successful
torch.put,Driver generation successful
torch.q_per_channel_axis,Driver generation tried but failed
torch.q_per_channel_scales,Driver generation tried but failed
torch.q_per_channel_zero_points,Driver generation not attempted
torch.q_scale,Driver generation not attempted
torch.q_zero_point,Driver generation not attempted
torch.qr,Driver generation successful
torch.qscheme,Driver generation tried but failed
torch.quantile,Driver generation successful
torch.quantization,Driver generation not attempted
torch.quantize_per_channel,Driver generation successful
torch.quantize_per_tensor,Driver generation successful
torch.quantize_per_tensor_dynamic,Driver generation tried but failed
torch.quantized_batch_norm,Driver generation tried but failed
torch.quantized_gru,Driver generation tried but failed
torch.quantized_gru_cell,Driver generation tried but failed
torch.quantized_lstm,Driver generation tried but failed
torch.quantized_lstm_cell,Driver generation tried but failed
torch.quantized_rnn_relu_cell,Driver generation not attempted
torch.quantized_rnn_tanh_cell,Driver generation tried but failed
torch.quasirandom,Driver generation tried but failed
torch.rad2deg,Driver generation successful
torch.rand,Driver generation successful
torch.rand_like,Driver generation successful
torch.randint,Driver generation tried but failed
torch.randint_like,Driver generation tried but failed
torch.randn,Driver generation tried but failed
torch.randn_like,Driver generation successful
torch.random,Driver generation tried but failed
torch.randperm,Driver generation successful
torch.range,Driver generation successful
torch.ravel,Driver generation successful
torch.read_vitals,Driver generation successful
torch.real,Driver generation successful
torch.reciprocal,Driver generation successful
torch.reciprocal_,Driver generation successful
torch.relu,Driver generation tried but failed
torch.relu_,Driver generation successful
torch.remainder,Driver generation successful
torch.renorm,Driver generation tried but failed
torch.repeat_interleave,Driver generation successful
torch.reshape,Driver generation successful
torch.resize_as_,Driver generation tried but failed
torch.resize_as_sparse_,Driver generation not attempted
torch.resolve_conj,Driver generation tried but failed
torch.resolve_neg,Driver generation tried but failed
torch.result_type,Driver generation successful
torch.return_types,Driver generation not attempted
torch.rms_norm,Driver generation not attempted
torch.rnn_relu,Driver generation not attempted
torch.rnn_relu_cell,Driver generation tried but failed
torch.rnn_tanh,Driver generation tried but failed
torch.rnn_tanh_cell,Driver generation not attempted
torch.roll,Driver generation successful
torch.rot90,Driver generation successful
torch.round,Driver generation successful
torch.round_,Driver generation not attempted
torch.row_indices_copy,Driver generation tried but failed
torch.row_stack,Driver generation successful
torch.rrelu,Driver generation tried but failed
torch.rrelu_,Driver generation tried but failed
torch.rsqrt,Driver generation successful
torch.rsqrt_,Driver generation successful
torch.rsub,Driver generation successful
torch.saddmm,Driver generation not attempted
torch.save,Driver generation successful
torch.scalar_tensor,Driver generation not attempted
torch.scatter,Driver generation tried but failed
torch.scatter_add,Driver generation successful
torch.scatter_reduce,Driver generation successful
torch.searchsorted,Driver generation successful
torch.seed,Driver generation tried but failed
torch.segment_reduce,Driver generation tried but failed
torch.select,Driver generation successful
torch.select_copy,Driver generation successful
torch.select_scatter,Driver generation not attempted
torch.selu,Driver generation not attempted
torch.selu_,Driver generation tried but failed
torch.serialization,Driver generation not attempted
torch.set_anomaly_enabled,Driver generation successful
torch.set_autocast_cache_enabled,Driver generation successful
torch.set_autocast_cpu_dtype,Driver generation successful
torch.set_autocast_cpu_enabled,Driver generation successful
torch.set_autocast_dtype,Driver generation tried but failed
torch.set_autocast_enabled,Driver generation successful
torch.set_autocast_gpu_dtype,Driver generation not attempted
torch.set_autocast_ipu_dtype,Driver generation successful
torch.set_autocast_ipu_enabled,Driver generation successful
torch.set_autocast_xla_dtype,Driver generation tried but failed
torch.set_autocast_xla_enabled,Driver generation successful
torch.set_default_device,Driver generation successful
torch.set_default_dtype,Driver generation successful
torch.set_default_tensor_type,Driver generation successful
torch.set_deterministic_debug_mode,Driver generation successful
torch.set_flush_denormal,Driver generation successful
torch.set_grad_enabled,Driver generation successful
torch.set_num_interop_threads,Driver generation successful
torch.set_num_threads,Driver generation successful
torch.set_printoptions,Driver generation tried but failed
torch.set_rng_state,Driver generation tried but failed
torch.set_vital,Driver generation not attempted
torch.set_warn_always,Driver generation successful
torch.sgn,Driver generation successful
torch.sigmoid,Driver generation successful
torch.sigmoid_,Driver generation successful
torch.sign,Driver generation successful
torch.signal,Driver generation tried but failed
torch.signbit,Driver generation successful
torch.sin,Driver generation successful
torch.sin_,Driver generation successful
torch.sinc,Driver generation not attempted
torch.sinc_,Driver generation not attempted
torch.sinh,Driver generation successful
torch.sinh_,Driver generation not attempted
torch.slice_copy,Driver generation not attempted
torch.slice_inverse,Driver generation tried but failed
torch.slice_scatter,Driver generation not attempted
torch.slogdet,Driver generation successful
torch.smm,Driver generation successful
torch.softmax,Driver generation not attempted
torch.solve,Driver generation successful
torch.sort,Driver generation successful
torch.sparse,Driver generation tried but failed
torch.sparse_bsc_tensor,Driver generation tried but failed
torch.sparse_bsr_tensor,Driver generation successful
torch.sparse_compressed_tensor,Driver generation not attempted
torch.sparse_coo_tensor,Driver generation successful
torch.sparse_csc_tensor,Driver generation tried but failed
torch.sparse_csr_tensor,Driver generation tried but failed
torch.special,Driver generation successful
torch.special.Tensor,Driver generation not attempted
torch.special.airy_ai,Driver generation tried but failed
torch.special.bessel_j0,Driver generation tried but failed
torch.special.bessel_j1,Driver generation successful
torch.special.bessel_y0,Driver generation successful
torch.special.bessel_y1,Driver generation successful
torch.special.chebyshev_polynomial_t,Driver generation tried but failed
torch.special.chebyshev_polynomial_u,Driver generation tried but failed
torch.special.chebyshev_polynomial_v,Driver generation tried but failed
torch.special.chebyshev_polynomial_w,Driver generation tried but failed
torch.special.digamma,Driver generation tried but failed
torch.special.entr,Driver generation successful
torch.special.erf,Driver generation tried but failed
torch.special.erfc,Driver generation tried but failed
torch.special.erfcx,Driver generation successful
torch.special.erfinv,Driver generation tried but failed
torch.special.exp2,Driver generation tried but failed
torch.special.expit,Driver generation successful
torch.special.expm1,Driver generation tried but failed
torch.special.gammainc,Driver generation successful
torch.special.gammaincc,Driver generation successful
torch.special.gammaln,Driver generation successful
torch.special.hermite_polynomial_h,Driver generation tried but failed
torch.special.hermite_polynomial_he,Driver generation successful
torch.special.i0,Driver generation tried but failed
torch.special.i0e,Driver generation successful
torch.special.i1,Driver generation successful
torch.special.i1e,Driver generation tried but failed
torch.special.laguerre_polynomial_l,Driver generation tried but failed
torch.special.legendre_polynomial_p,Driver generation tried but failed
torch.special.log1p,Driver generation tried but failed
torch.special.log_ndtr,Driver generation successful
torch.special.log_softmax,Driver generation tried but failed
torch.special.logit,Driver generation tried but failed
torch.special.logsumexp,Driver generation tried but failed
torch.special.modified_bessel_i0,Driver generation successful
torch.special.modified_bessel_i1,Driver generation successful
torch.special.modified_bessel_k0,Driver generation successful
torch.special.modified_bessel_k1,Driver generation tried but failed
torch.special.multigammaln,Driver generation successful
torch.special.ndtr,Driver generation successful
torch.special.ndtri,Driver generation successful
torch.special.polygamma,Driver generation tried but failed
torch.special.psi,Driver generation successful
torch.special.round,Driver generation tried but failed
torch.special.scaled_modified_bessel_k0,Driver generation tried but failed
torch.special.scaled_modified_bessel_k1,Driver generation tried but failed
torch.special.shifted_chebyshev_polynomial_t,Driver generation tried but failed
torch.special.shifted_chebyshev_polynomial_u,Driver generation tried but failed
torch.special.shifted_chebyshev_polynomial_v,Driver generation tried but failed
torch.special.shifted_chebyshev_polynomial_w,Driver generation tried but failed
torch.special.sinc,Driver generation successful
torch.special.softmax,Driver generation successful
torch.special.spherical_bessel_j0,Driver generation successful
torch.special.torch,Driver generation not attempted
torch.special.xlog1py,Driver generation successful
torch.special.xlogy,Driver generation tried but failed
torch.special.zeta,Driver generation tried but failed
torch.split,Driver generation successful
torch.split_copy,Driver generation not attempted
torch.split_with_sizes,Driver generation tried but failed
torch.split_with_sizes_copy,Driver generation tried but failed
torch.spmm,Driver generation successful
torch.sqrt,Driver generation successful
torch.sqrt_,Driver generation successful
torch.square,Driver generation successful
torch.square_,Driver generation successful
torch.squeeze,Driver generation successful
torch.squeeze_copy,Driver generation not attempted
torch.sspaddmm,Driver generation successful
torch.stack,Driver generation successful
torch.std,Driver generation successful
torch.std_mean,Driver generation successful
torch.stft,Driver generation successful
torch.storage,Driver generation not attempted
torch.sub,Driver generation successful
torch.subtract,Driver generation successful
torch.sum,Driver generation successful
torch.svd,Driver generation successful
torch.svd_lowrank,Driver generation tried but failed
torch.swapaxes,Driver generation successful
torch.swapdims,Driver generation successful
torch.sym_constrain_range,Driver generation not attempted
torch.sym_constrain_range_for_size,Driver generation not attempted
torch.sym_float,Driver generation successful
torch.sym_fresh_size,Driver generation successful
torch.sym_int,Driver generation successful
torch.sym_ite,Driver generation not attempted
torch.sym_max,Driver generation not attempted
torch.sym_min,Driver generation not attempted
torch.sym_not,Driver generation not attempted
torch.sym_sqrt,Driver generation not attempted
torch.sym_sum,Driver generation not attempted
torch.symeig,Driver generation successful
torch.sys,Driver generation not attempted
torch.t,Driver generation successful
torch.t_copy,Driver generation not attempted
torch.take,Driver generation successful
torch.take_along_dim,Driver generation tried but failed
torch.tan,Driver generation successful
torch.tan_,Driver generation successful
torch.tanh,Driver generation successful
torch.tanh_,Driver generation tried but failed
torch.tensor,Driver generation successful
torch.tensor_split,Driver generation tried but failed
torch.tensordot,Driver generation successful
torch.testing,Driver generation not attempted
torch.textwrap,Driver generation not attempted
torch.threading,Driver generation not attempted
torch.threshold,Driver generation successful
torch.threshold_,Driver generation not attempted
torch.tile,Driver generation successful
torch.to_dlpack,Driver generation tried but failed
torch.topk,Driver generation successful
torch.torch,Driver generation not attempted
torch.torch_version,Driver generation not attempted
torch.trace,Driver generation not attempted
torch.transpose,Driver generation successful
torch.transpose_copy,Driver generation not attempted
torch.trapezoid,Driver generation tried but failed
torch.trapz,Driver generation successful
torch.triangular_solve,Driver generation successful
torch.tril,Driver generation successful
torch.tril_indices,Driver generation successful
torch.triplet_margin_loss,Driver generation not attempted
torch.triu,Driver generation successful
torch.triu_indices,Driver generation successful
torch.true_divide,Driver generation successful
torch.trunc,Driver generation successful
torch.trunc_,Driver generation successful
torch.typename,Driver generation successful
torch.types,Driver generation not attempted
torch.unbind,Driver generation successful
torch.unbind_copy,Driver generation not attempted
torch.unflatten,Driver generation tried but failed
torch.unfold_copy,Driver generation not attempted
torch.unify_type_list,Driver generation tried but failed
torch.unique,Driver generation successful
torch.unique_consecutive,Driver generation successful
torch.unravel_index,Driver generation successful
torch.unsafe_chunk,Driver generation tried but failed
torch.unsafe_split,Driver generation tried but failed
torch.unsafe_split_with_sizes,Driver generation successful
torch.unsqueeze,Driver generation successful
torch.unsqueeze_copy,Driver generation not attempted
torch.use_deterministic_algorithms,Driver generation successful
torch.utils,Driver generation tried but failed
torch.values_copy,Driver generation not attempted
torch.vander,Driver generation successful
torch.var,Driver generation successful
torch.var_mean,Driver generation successful
torch.vdot,Driver generation successful
torch.version,Driver generation tried but failed
torch.view_as_complex,Driver generation successful
torch.view_as_complex_copy,Driver generation successful
torch.view_as_real,Driver generation successful
torch.view_as_real_copy,Driver generation not attempted
torch.view_copy,Driver generation not attempted
torch.vitals_enabled,Driver generation successful
torch.vmap,Driver generation tried but failed
torch.vsplit,Driver generation successful
torch.vstack,Driver generation successful
torch.wait,Driver generation not attempted
torch.where,Driver generation successful
torch.while_loop,Driver generation tried but failed
torch.windows,Driver generation not attempted
torch.xlogy,Driver generation not attempted
torch.xlogy_,Driver generation tried but failed
torch.xpu,Driver generation not attempted
torch.zero_,Driver generation not attempted
torch.zeros,Driver generation successful
torch.zeros_like,Driver generation successful
