API,Pytorch,Tensorflow,Remarks,Assignee
argmax,torch.argmax,tf.argmax,,Abid
det,torch.det,tf.linalg.det,If a return type is a single number pytorch returns an array tf returns a np.float32 number,Abid
digamma,torch.digamma,tf.math.digamma,,Abid
div,torch.div,tf.div,,Abid
eq,torch.eq,tf.math.equal,,Abid
exp2,torch.exp2,tf.experimental.numpy.exp2,,Abid
flipud,torch.flipud,tf.experimental.numpy.flipud,,Abid
functional_hardsigmoid,torch.nn.functional.hardsigmoid,tf.keras.activations.hard_sigmoid,Tensorflow 2.15.0 acts differently than pytorch e.g. input 0.5 give output 0.6. Tensorflow 2.16.1 gives out 0.5833 which is the same as pytorch,Abid
functional_relu6,torch.nn.functional.relu6,tf.keras.activations.relu6,,Abid
i0,torch.i0,tf.math.bessel_i0,,Abid
isposinf,torch.isposinf,tf.experimental.numpy.isposinf,,Abid
isreal_,torch.isreal,-,,Abid
kthvalue,torch.kthvalue,tf.math.top_k,TODO: Fix,Abid
le,torch.le,tf.less_equal,,Abid
logSoftmaxClass,torch.nn.LogSoftmax,tf.keras.layers.Softmax,TODO: Fix,Abid
logsumexp,torch.logsumexp,tf.math.reduce_logsumexp,,Abid
multiheadAttentionClass,torch.nn.MultiheadAttention,tf.keras.layers.MultiHeadAttention,TODO: Fix,Abid
nansum,torch.nansum,tf.experimental.numpy.nansum,,Abid
randint,torch.randint,tf.experimental.numpy.random.randint,TODO: Fix,Abid
ravel,torch.ravel,tf.experimental.numpy.ravel,,Abid
rnncellClass,torch.nn.RNNCell,tf.keras.layers.SimpleRNNCell,TODO: Fix,Abid
softshrink_,torch.nn.functional.softshrink,-,,Abid
std_mean,torch.std_mean,tf.nn.moments,,Abid
tril_indices_,torch.tril_indices,-,,Abid
lp_pool1d_,torch.nn.functional.lp_pool1d,-,,Abid
nanquantile_,torch.nanquantile,-,,Abid
transformerencoderLayerClass_,torch.nn.TransformerEncoderLayer,,skipped,Abid
binaryCrossEntropyWithLogits,torch.nn.functional.binary_cross_entropy_with_logits,tf.nn.sigmoid_cross_entropy_with_logits followed by tf.reduce_mean(loss),,Adam
countNonzero,torch.count_nonzero,tf.math.count_nonzero,,Adam
grucell,torch.nn.GRUCell,,,Adam
minimum,torch.minimum,tf.minimum,,Adam
onesLike,torch.ones_like,tf.ones_like,,Adam
hardswish,torch.nn.functional.hardswish,tf.nn.relu6,,
AdaptiveAvgPool1d,torch.nn.AdaptiveAvgPool1d,,,
AvgPool3d,torch.nn.AvgPool3d,,,
BCELoss,torch.nn.BCELoss,,,
BCEWithLogitsLoss,torch.nn.BCEWithLogitsLoss,,,
BatchNorm1d,torch.nn.BatchNorm1d,,,
BatchNorm2d,torch.nn.BatchNorm2d,tf.keras.layers.BatchNormalization,,
BatchNorm3d,torch.nn.BatchNorm3d,tf.keras.layers.BatchNormalization,,
CELU,torch.nn.CELU,,,
ConstantPad1d,torch.nn.ConstantPad1d,,,
ConstantPad2d,torch.nn.ConstantPad2d,tf.pad,,
ConstantPad3d,torch.nn.ConstantPad3d,tf.pad,,
CosineSimilarity,torch.nn.CosineSimilarity,tf.norm,,
ELU,torch.nn.ELU,,,
Flatten,torch.nn.Flatten,,,
GELU_,torch.nn.GELU,tf.math.erf,,
Hardshrink,torch.nn.Hardshrink,,,
Hardsigmoid_,torch.nn.Hardsigmoid,tf.where,,
Hardtanh,torch.nn.Hardtanh,,,
Identity,torch.nn.Identity,,,
InstanceNorm1d,torch.nn.InstanceNorm1d,tf.nn.moments,,
InstanceNorm2d,torch.nn.InstanceNorm2d,,,
InstanceNorm3d,torch.nn.InstanceNorm3d,,,
L1Loss,torch.nn.L1Loss,,,
LPPool1d,torch.nn.LPPool1d,,,
LayerNorm,torch.nn.LayerNorm,tf.keras.layers.LayerNormalization,,
LeakyReLU,torch.nn.LeakyReLU,,,
Linear,torch.nn.Linear,,,
LogSigmoid_,torch.nn.LogSigmoid,tf.math.log_sigmoid,,
MSELoss,torch.nn.MSELoss,,,
MarginRankingLoss,torch.nn.MarginRankingLoss,,,
MaxPool2d,torch.nn.MaxPool2d,tf.nn.max_pool2d,,
MaxPool3d,torch.nn.MaxPool3d,,,
MaxUnpool2d,torch.nn.MaxUnpool2d,,,
MultiLabelSoftMarginLoss,torch.nn.MultiLabelSoftMarginLoss,tf.nn.sigmoid_cross_entropy_with_logits,,
NLLLoss,torch.nn.NLLLoss,tf.nn.sparse_softmax_cross_entropy_with_logits,,
PReLU_,torch.nn.PReLU,,,
PairwiseDistance,torch.nn.PairwiseDistance,,,
PixelShuffle,torch.nn.PixelShuffle,tf.reshape,,
PoissonNLLLoss,torch.nn.PoissonNLLLoss,,,
ReLU_,torch.nn.ReLU,tf.nn.relu,,
ReLU6_,torch.nn.ReLU6,tf.clip_by_value,,
ReflectionPad1d,torch.nn.ReflectionPad1d,tf.pad,,
ReflectionPad2d,torch.nn.ReflectionPad2d,tf.pad,,
ReplicationPad1d,torch.nn.ReplicationPad1d,,,
ReplicationPad3d,torch.nn.ReplicationPad3d,tf.pad,,
SELU,torch.nn.SELU,,,
SiLU_,torch.nn.SiLU,,,
Sigmoid_,torch.nn.Sigmoid,tf.nn.sigmoid,,
Softmax,torch.nn.Softmax,,,
Softmax2d,torch.nn.Softmax2d,tf.nn.softmax,,
Softmin,torch.nn.Softmin,,,
Softplus_,torch.nn.Softplus,tf.nn.softplus,,
Softshrink,torch.nn.Softshrink,tf.where,,
Softsign_,torch.nn.Softsign,,,
Tanh,torch.nn.Tanh,,,
Tanhshrink_,torch.nn.Tanhshrink,,,
Threshold,torch.nn.Threshold,tf.where,,
TripletMarginLoss,torch.nn.TripletMarginLoss,,,
Upsample,torch.nn.Upsample,,,
UpsamplingNearest2d,torch.nn.UpsamplingNearest2d,,,
ZeroPad2d,torch.nn.ZeroPad2d,,,
abs,torch.abs,tf.abs,,
acos,torch.acos,tf.acos,,
acosh,torch.acosh,,,
adaptive_avg_pool1d,torch.nn.functional.adaptive_avg_pool1d,,,
adaptive_max_pool2d,torch.nn.functional.adaptive_max_pool2d,,,
add,torch.add,,,
addbmm,torch.addbmm,tf.einsum,,
addcdiv,torch.addcdiv,tf.add,,
addcmul,torch.addcmul,,,
addmm,torch.addmm,tf.add,,
addmv,torch.addmv,,,
addr,torch.addr,tf.tensordot,,
allclose,torch.allclose,tf.reduce_all,,
alpha_dropout,torch.nn.functional.alpha_dropout,tf.nn.dropout,,
amax,torch.amax,tf.reduce_max,,
amin,torch.amin,,,
angle,torch.angle,tf.math.angle,,
arange,torch.arange,tf.range,,
are_deterministic_algorithms_enabled,torch.are_deterministic_algorithms_enabled,tf.random.set_seed,,
argmin,torch.argmin,tf.math.argmin,,
argsort,torch.argsort,tf.argsort,,
as_strided,torch.as_strided,,,
as_tensor,torch.as_tensor,tf.convert_to_tensor,,
asin,torch.asin,tf.math.asin,,
asinh,torch.asinh,tf.asinh,,
atan,torch.atan,tf.math.atan,,
atan2,torch.atan2,tf.math.atan2,,
atanh,torch.atanh,tf.math.atanh,,
atleast_1d,torch.atleast_1d,,,
atleast_2d,torch.atleast_2d,tf.expand_dims,,
atleast_3d,torch.atleast_3d,,,
avg_pool2d,torch.nn.functional.avg_pool2d,,,
baddbmm,torch.baddbmm,tf.linalg.matmul,,
batch_norm,torch.nn.functional.batch_norm,tf.keras.layers.BatchNormalization,,
bernoulli,torch.bernoulli,tf.cast,,
bincount,torch.bincount,tf.math.bincount,,
bitwise_and,torch.bitwise_and,tf.bitwise.bitwise_and,,
bitwise_not,torch.bitwise_not,tf.bitwise.invert,,
bitwise_or,torch.bitwise_or,tf.bitwise.bitwise_or,,
bitwise_xor,torch.bitwise_xor,tf.bitwise.bitwise_xor,,
block_diag,torch.block_diag,,,
bmm,torch.bmm,tf.matmul,,
broadcast_shapes,torch.broadcast_shapes,tf.broadcast_static_shape,,
broadcast_tensors,torch.broadcast_tensors,,,
broadcast_to,torch.broadcast_to,tf.broadcast_to,,
bucketize,torch.bucketize,,,
can_cast,torch.can_cast,,,
cartesian_prod,torch.cartesian_prod,tf.meshgrid,,
cat,torch.cat,tf.concat,,
cdist,torch.cdist,,,
ceil,torch.ceil,tf.math.ceil,,
celu_,torch.nn.functional.celu,,,
chain_matmul,torch.chain_matmul,tf.matmul,,
cholesky,torch.cholesky,tf.linalg.cholesky,,
cholesky_inverse,torch.cholesky_inverse,tf.linalg.cholesky_solve,,
cholesky_solve,torch.cholesky_solve,,,
chunk,torch.chunk,tf.split,,
clamp,torch.clamp,tf.clip_by_value,,
clip_grad_norm_,torch.nn.utils.clip_grad_norm_,,,
clone,torch.clone,tf.identity,,
combinations,torch.combinations,,,
complex,torch.complex,tf.complex,,
conj,torch.conj,,,
copysign,torch.copysign,,,
cos,torch.cos,,,
cosh,torch.cosh,tf.math.cosh,,
cosine_similarity,torch.nn.functional.cosine_similarity,tf.nn.l2_normalize,,
cross,torch.cross,,,
cross_entropy,torch.nn.functional.cross_entropy,tf.nn.sparse_softmax_cross_entropy_with_logits,,
cummax,torch.cummax,,,
cummin,torch.cummin,,,
cumprod,torch.cumprod,tf.math.cumprod,,
cumsum,torch.cumsum,tf.cumsum,,
deg2rad,torch.deg2rad,tf.experimental.numpy.deg2rad,,
diag,torch.diag,,,
diag_embed,torch.diag_embed,tf.linalg.diag,,
diagflat,torch.diagflat,,,
diagonal,torch.diagonal,tf.linalg.diag_part,,
dist,torch.dist,,,
dot,torch.dot,,,
dstack,torch.dstack,,,
eig,torch.eig,,,
einsum,torch.einsum,tf.einsum,,
elu_,torch.nn.functional.elu_,tf.nn.elu,,
embedding_,torch.nn.functional.embedding,tf.nn.embedding_lookup,,
embedding_bag,torch.nn.functional.embedding_bag,,,
empty_like,torch.empty_like,,,
empty_strided,torch.empty_strided,,,
equal,torch.equal,,,
erf,torch.erf,tf.math.erf,,
erfc,torch.erfc,tf.math.erfc,,
erfinv,torch.erfinv,tf.math.erfinv,,
exp,torch.exp,tf.exp,,
expm1,torch.expm1,tf.math.expm1,,
eye,torch.eye,,,
flatten_,torch.flatten,,,
flip,torch.flip,tf.reverse,,
fliplr,torch.fliplr,tf.reverse,,
float_power,torch.float_power,tf.math.pow,,
floor,torch.floor,tf.math.floor,,
floor_divide,torch.floor_divide,tf.math.floordiv,,
fmin,torch.fmin,tf.where,,
frac,torch.frac,tf.math.floor,,
full,torch.full,tf.fill,,
full_like,torch.full_like,tf.fill,,
ge,torch.ge,tf.math.greater_equal,,
gelu,torch.nn.functional.gelu,,,
ger,torch.ger,tf.tensordot,,
gt,torch.gt,tf.math.greater,,
hardshrink_,torch.nn.functional.hardshrink,,,
Hardswish_,torch.nn.Hardswish,tf.nn.relu6,,
hardtanh_,torch.nn.functional.hardtanh,tf.clip_by_value,,
heaviside,torch.heaviside,tf.where,,
histc,torch.histc,,,
hstack,torch.hstack,tf.concat,,
hypot,torch.hypot,tf.math.sqrt,,
igamma,torch.igamma,tf.math.igamma,,
imag,torch.imag,,,
index_select,torch.index_select,tf.gather,,
inner,torch.inner,tf.tensordot,,
instance_norm,torch.nn.functional.instance_norm,tf.nn.moments,,
interpolate,torch.nn.functional.interpolate,tf.image.resize,,
inverse,torch.inverse,tf.linalg.inv,,
is_nonzero,torch.is_nonzero,tf.not_equal,,
is_tensor,torch.is_tensor,tf.is_tensor,,
isclose,torch.isclose,,,
isfinite,torch.isfinite,tf.math.is_finite,,
isinf,torch.isinf,tf.math.is_inf,,
isnan,torch.isnan,tf.math.is_nan,,
isneginf,torch.isneginf,tf.math.equal,,
kron,torch.kron,tf.einsum,,
l1_loss,torch.nn.functional.l1_loss,tf.reduce_mean,,
layer_norm,torch.nn.functional.layer_norm,,,
lcm,torch.lcm,tf.experimental.numpy.gcd,,
leaky_relu,torch.nn.functional.leaky_relu,tf.nn.leaky_relu,,
leaky_relu_,torch.nn.functional.leaky_relu_,,,
lerp,torch.lerp,,,
lgamma,torch.lgamma,tf.math.lgamma,,
linear_,torch.nn.functional.linear,tf.matmul,,
linspace,torch.linspace,tf.linspace,,
log,torch.log,tf.math.log,,
log10,torch.log10,tf.math.log,,
log1p,torch.log1p,tf.math.log1p,,
log2,torch.log2,tf.math.log,,
log_softmax,torch.nn.functional.log_softmax,tf.nn.log_softmax,,
logaddexp,torch.logaddexp,tf.math.reduce_logsumexp,,
logaddexp2,torch.logaddexp2,tf.math.log,,
logcumsumexp,torch.logcumsumexp,,,
logical_and,torch.logical_and,tf.logical_and,,
logical_not,torch.logical_not,tf.logical_not,,
logical_or,torch.logical_or,tf.logical_or,,
logical_xor,torch.logical_xor,tf.math.logical_xor,,
logit,torch.logit,tf.math.log,,
logsigmoid,torch.nn.functional.logsigmoid,,,
logspace,torch.logspace,tf.convert_to_tensor,,
lp_pool2d,torch.nn.functional.lp_pool2d,,,
lstsq,torch.lstsq,,,
lt,torch.lt,tf.less,,
margin_ranking_loss,torch.nn.functional.margin_ranking_loss,,,
masked_select,torch.masked_select,tf.where,,
matmul,torch.matmul,tf.matmul,,
matrix_exp,torch.matrix_exp,tf.linalg.expm,,
matrix_power,torch.matrix_power,tf.linalg.matmul,,
matrix_rank,torch.matrix_rank,,,
max,torch.max,,,
max_pool1d,torch.nn.functional.max_pool1d,,,
max_pool3d,torch.nn.functional.max_pool3d,,,
max_unpool2d,torch.nn.functional.max_unpool2d,,,
maximum,torch.maximum,tf.math.maximum,,
mean,torch.mean,tf.reduce_mean,,
median,torch.median,tf.sort,,
min,torch.min,,,
mm,torch.mm,,,
movedim,torch.movedim,tf.experimental.numpy.moveaxis,,
mse_loss,torch.nn.functional.mse_loss,,,
msort,torch.msort,tf.sort,,
mul,torch.mul,tf.multiply,,
multilabel_soft_margin_loss,torch.nn.functional.multilabel_soft_margin_loss,tf.nn.sigmoid,,
multinomial,torch.multinomial,,,
mv,torch.mv,tf.linalg.matvec,,
mvlgamma,torch.mvlgamma,,,
narrow,torch.narrow,tf.constant,,
ne,torch.ne,tf.not_equal,,
neg,torch.neg,tf.negative,,
nextafter,torch.nextafter,tf.experimental.numpy.nextafter,,
nll_loss,torch.nn.functional.nll_loss,,,
nonzero,torch.nonzero,,,
norm,torch.norm,,,
normalize,torch.nn.functional.normalize,tf.norm,,
numel,torch.numel,tf.size,,
ones,torch.ones,tf.ones,,
outer,torch.outer,tf.tensordot,,
pad,torch.nn.functional.pad,tf.pad,,
pad_sequence,torch.nn.utils.rnn.pad_sequence,tf.concat,,
pairwise_distance,torch.nn.functional.pairwise_distance,,,
pinverse,torch.pinverse,tf.linalg.pinv,,
pixel_shuffle,torch.nn.functional.pixel_shuffle,,,
poisson_nll_loss,torch.nn.functional.poisson_nll_loss,,,
polar,torch.polar,tf.cos,,
polygamma,torch.polygamma,tf.math.polygamma,,
pow,torch.pow,tf.math.pow,,
prelu,torch.nn.functional.prelu,,,
prod,torch.prod,,,
promote_types,torch.promote_types,,,
qr,torch.qr,,,
rad2deg,torch.rad2deg,,,
range,torch.range,tf.range,,
real,torch.real,tf.math.real,,
reciprocal,torch.reciprocal,tf.math.reciprocal,,
relu,torch.nn.functional.relu,,,
remainder,torch.remainder,tf.math.floormod,,
repeat_interleave,torch.repeat_interleave,,,
reshape,torch.reshape,tf.reshape,,
result_type,torch.result_type,,,
roll,torch.roll,tf.roll,,
rot90,torch.rot90,,,
round,torch.round,tf.math.round,,
rrelu,torch.nn.functional.rrelu,,,
rrelu_,torch.nn.functional.rrelu_,tf.where,,
rsqrt,torch.rsqrt,tf.math.rsqrt,,
save,torch.save,,,
scatter_add,torch.scatter_add,,,
searchsorted,torch.searchsorted,tf.searchsorted,,
selu_,torch.nn.functional.selu,,,
set_default_dtype,torch.set_default_dtype,,,
set_flush_denormal,torch.set_flush_denormal,,,
set_num_threads,torch.set_num_threads,,,
sgn,torch.sgn,,,
sigmoid,torch.sigmoid,tf.sigmoid,,
sign,torch.sign,tf.math.sign,,
signature,signature,,,
silu,torch.nn.functional.silu,,,
similarity,similarity,,,
sin,torch.sin,,,
sinh,torch.sinh,tf.math.sinh,,
slogdet,torch.slogdet,tf.linalg.slogdet,,
softmax_,torch.nn.functional.softmax,,,
softmin_,torch.nn.functional.softmin,tf.nn.softmax,,
softplus,torch.nn.functional.softplus,,,
softsign,torch.nn.functional.softsign,tf.nn.softsign,,
solve,torch.solve,tf.linalg.solve,,
sort,torch.sort,tf.sort,,
sparse_coo_tensor,torch.sparse_coo_tensor,,,
split,torch.split,tf.split,,
sqrt,torch.sqrt,tf.sqrt,,
square,torch.square,tf.square,,
squeeze,torch.squeeze,tf.squeeze,,
stack,torch.stack,tf.stack,,
std,torch.std,,,
sub,torch.sub,,,
sum,torch.sum,,,
svd,torch.svd,tf.linalg.svd,,
swapaxes,torch.swapaxes,tf.transpose,,
swapdims,torch.swapdims,tf.transpose,,
symeig,torch.symeig,,,
t,torch.t,tf.transpose,,
take,torch.take,tf.reshape,,
tan,torch.tan,tf.math.tan,,
tanh__,torch.nn.functional.tanh,,,
tanh_,torch.tanh,tf.math.tanh,,
tanhshrink,torch.nn.functional.tanhshrink,,,
tensor_split,torch.tensor_split,tf.split,,
tensordot,torch.tensordot,tf.tensordot,,
threshold_,torch.nn.functional.threshold,,,
topk,torch.topk,tf.math.top_k,,
trace,torch.trace,,,
transpose,torch.transpose,,,
trapz,torch.trapz,,,
triangular_solve,torch.triangular_solve,,,
tril,torch.tril,tf.experimental.numpy.tril,,
triplet_margin_loss,torch.nn.functional.triplet_margin_loss,,,
triu,torch.triu,tf.experimental.numpy.triu,,
triu_indices,torch.triu_indices,,,
true_divide,torch.true_divide,tf.math.divide,,
trunc,torch.trunc,tf.sign,,
unbind,torch.unbind,tf.unstack,,
unique,torch.unique,,,
unique_consecutive,torch.unique_consecutive,,,
unsqueeze,torch.unsqueeze,tf.expand_dims,,
use_deterministic_algorithms,torch.use_deterministic_algorithms,tf.config.experimental.enable_op_determinism,,
vander,torch.vander,,,
var,torch.var,,,
var_mean,torch.var_mean,,,
vdot,torch.vdot,tf.tensordot,,
view_as_complex,torch.view_as_complex,tf.complex,,
view_as_real,torch.view_as_real,tf.math.real,,
vstack,torch.vstack,tf.concat,,
where,torch.where,tf.where,,
xlogy,torch.xlogy,tf.math.xlogy,,
zeros,torch.zeros,tf.zeros,,
zeros_like,torch.zeros_like,,,
adaptive_max_pool1d,torch.nn.functional.adaptive_max_pool1d,,,
conv_transpose2d,torch.nn.functional.conv_transpose2d,,,
rand,torch.rand,,,
rand_like,torch.rand_like,,,
CrossEntropyLoss,torch.nn.CrossEntropyLoss,,,
FractionalMaxPool2d,torch.nn.FractionalMaxPool2d,,,
signbit,torch.signbit,,,
avg_pool1d,torch.nn.functional.avg_pool1d,,,
conv_transpose3d,torch.nn.functional.conv_transpose3d,,,
lu_solve,torch.lu_solve,,,
LPPool2d,torch.nn.LPPool2d,,,
adaptive_avg_pool2d,torch.nn.functional.adaptive_avg_pool2d,,,
max_pool2d,torch.nn.functional.max_pool2d,,,
AvgPool2d,torch.nn.AvgPool2d,,,
nanmedian,torch.nanmedian,,,
conv1d,torch.nn.functional.conv1d,tf.nn.conv1d,,
empty,torch.empty,,,
LSTMCell,torch.nn.LSTMCell,,,
randperm,torch.randperm,,,
Embedding,torch.nn.Embedding,,,
logdet,torch.logdet,,,
GroupNorm,torch.nn.GroupNorm,,,
MultiMarginLoss,torch.nn.MultiMarginLoss,,,
,torch.nn.functional.dropout3d,,,
,torch.nn.ConvTranspose3d,,,
,torch.nn.MaxPool1d,,,
,torch.nn.UpsamplingBilinear2d,,,
,torch.scatter,,,
,torch.lu,,,
,torch.nn.GRU,,,
,torch.nn.functional.avg_pool3d,,,
,torch.nn.ConvTranspose2d,,,
,torch.nn.functional.fold,,,
,torch.nn.Dropout2d,,,
,torch.nn.functional.multilabel_margin_loss,,,
,torch.mode,,,
,torch.nn.AdaptiveMaxPool3d,,,
,torch.nn.MultiLabelMarginLoss,,,
,torch.randn,,,
,torch.nn.MaxUnpool1d,,,
,torch.quantile,,,
,torch.nn.RNNBase,,,
,torch.nn.RReLU,,,
,torch.nn.functional.max_unpool1d,,,
,torch.gcd,,,
,torch.nn.functional.conv3d,,,
,torch.nn.AvgPool1d,,,
,torch.nn.AdaptiveMaxPool2d,,,
,torch.nn.functional.binary_cross_entropy,,,
,torch.nn.MaxUnpool3d,,,
,torch.gather,,,
,torch.nn.functional.adaptive_avg_pool3d,,,
,torch.nn.AdaptiveAvgPool3d,,,
,torch.nn.TransformerDecoderLayer,,,
,torch.nn.RNN,,,
,torch.normal,,,
,torch.randn_like,,,
,torch.nn.AdaptiveMaxPool1d,,,
,torch.nn.AlphaDropout,,,
,torch.nn.ReplicationPad2d,,,
,torch.nn.functional.local_response_norm,,,
,torch.nn.functional.max_unpool3d,,,
,torch.nn.AdaptiveAvgPool2d,,,
,torch.nn.functional.ctc_loss,,,
,torch.nn.Dropout,,,
,torch.nn.functional.adaptive_max_pool3d,,,
,torch.nn.functional.dropout2d,,,
,torch.nn.CTCLoss,,,
,torch.nn.Bilinear,,,
,torch.renorm,,,
,torch.get_rng_state,,,
,torch.nn.Conv2d,,,
,torch.nn.LSTM,,,
,torch.nn.Fold,,,
,torch.nn.Dropout3d,,,
,torch.nn.LocalResponseNorm,,,
,torch.nn.functional.dropout,,,
,torch.fmod,,,
,torch.nn.Conv1d,,,
,torch.nn.Conv3d,,,
,torch.nn.functional.bilinear,,,
,torch.nn.functional.conv2d,,,
,torch.poisson,tf.random.poisson,,