Reported:,13,7,7,,,1,,
,,,,,,,,
api(s),link,Status,data_dependent,comments,bug_type,pr,pr_link,note
torch.nn.functional.normalize,https://github.com/pytorch/pytorch/issues/135428,Fixed,Yes,3,Nan,Merged,https://github.com/pytorch/pytorch/pull/140375,
torch.logcumsumexp,https://github.com/pytorch/pytorch/issues/139342,Confirmed,No,0,Inconsistent,No,,
torch.nn.functional.softshrink,https://github.com/pytorch/pytorch/issues/153186,Confirmed,No,4,Overflow,,,
torch.nn.functional.conv_transpose2d,https://github.com/pytorch/pytorch/issues/153276,Confirmed,Yes,0,Inconsistent,,,
torch.nn.functional.rrelu,https://github.com/pytorch/pytorch/issues/153281,Confirmed,No,0,Inconsistent,,,
torch.floor_divide,https://github.com/pytorch/pytorch/issues/153597,Rejected,Yes,1,Inconsistent,,,
torch.nn.functional.conv_transpose2d,https://github.com/pytorch/pytorch/issues/153700,Confirmed,Yes,2,Overflow,,,OneDNN bug
torch.native_channel_shuffle,https://github.com/pytorch/pytorch/issues/158154,Confirmed,No,0,Crash,,,FPE
torch.nn.LPPool2d,https://github.com/pytorch/pytorch/issues/158166,Confirmed,No,0,Inconsistent,,,
torch.fmin,https://github.com/pytorch/pytorch/issues/158172,Rejected,No,2,Inconsistent,,,
torch.det,https://github.com/pytorch/pytorch/issues/158208,Rejected,Yes,2,Inconsistent,,,
torch.nn.LogSoftmax,https://github.com/pytorch/pytorch/issues/158310,Previously Fixed,Yes,2,Inconsistent,,,Fixed on latest nightly
torch.nn.functional.celu,https://github.com/pytorch/pytorch/issues/158314,Previously Fixed,Yes,2,Inconsistent,,,Fixed on latest nightly