api,SLATE,line_cov_SLATE
tf.math.cos,4114,0
tf.cast,4245,0
tf.bitcast,4165,0
tf.experimental.dlpack.to_dlpack,4217,0
tf.bitwise.left_shift,4147,0
tf.experimental.numpy.all,4395,0
tf.dtypes.saturate_cast,4311,0
tf.bitwise.right_shift,4411,0
tf.autodiff.ForwardAccumulator,4167,0
tf.experimental.numpy.any,4398,0
tf.audio.encode_wav,4142,0
tf.ensure_shape,4137,0
tf.bitwise.bitwise_xor,4156,0
tf.bitwise.bitwise_and,4379,0
tf.expand_dims,4224,0
tf.bitwise.bitwise_or,4484,0
tf.dynamic_partition,4324,0
tf.experimental.numpy.arccos,4140,0
tf.experimental.numpy.append,4431,0
tf.experimental.numpy.around,4223,0
tf.experimental.numpy.array,4304,0
tf.experimental.numpy.argmin,4332,0
tf.experimental.numpy.bitwise_not,4157,0
tf.experimental.numpy.ceil,4138,0
tf.experimental.numpy.fabs,4160,0
tf.experimental.numpy.conj,4148,0
tf.experimental.numpy.bitwise_or,4262,0
tf.experimental.numpy.argmax,4304,0
tf.experimental.numpy.conjugate,4117,0
tf.experimental.numpy.floor,4142,0
tf.experimental.numpy.cumsum,4452,0
tf.experimental.numpy.concatenate,4129,0
tf.experimental.numpy.copy,4112,0
tf.experimental.numpy.arctan2,4541,0
tf.experimental.numpy.cumprod,4476,0
tf.experimental.numpy.count_nonzero,4429,0
tf.experimental.numpy.fliplr,4343,0
tf.experimental.numpy.floor_divide,4556,0
tf.experimental.numpy.bitwise_xor,4497,0
tf.experimental.numpy.heaviside,4578,0
tf.experimental.numpy.expand_dims,4231,0
tf.experimental.numpy.flip,4354,0
tf.experimental.numpy.fix,4399,0
tf.experimental.numpy.diagonal,4837,0
tf.experimental.numpy.equal,4547,0
tf.experimental.numpy.gcd,4788,0
tf.experimental.numpy.compress,4744,0
tf.experimental.numpy.dot,4837,0
tf.experimental.numpy.isfinite,4136,0
tf.experimental.numpy.inner,4966,0
tf.experimental.numpy.logical_and,4501,0
tf.experimental.numpy.logaddexp,4414,0
tf.experimental.numpy.max,4351,0
tf.experimental.numpy.min,4322,0
tf.experimental.numpy.logical_xor,4531,0
tf.experimental.numpy.ix_,4401,0
tf.experimental.numpy.less,4523,0
tf.experimental.numpy.meshgrid,4368,0
tf.experimental.numpy.negative,4136,0
tf.experimental.numpy.nansum,4671,0
tf.experimental.numpy.nanprod,4681,0
tf.experimental.numpy.nextafter,4523,0
tf.experimental.numpy.nanmean,4721,0
tf.experimental.numpy.prod,4389,0
tf.experimental.numpy.outer,4665,0
tf.experimental.numpy.ptp,4353,0
tf.experimental.numpy.real,4140,0
tf.experimental.numpy.reciprocal,4145,0
tf.experimental.numpy.rot90,4195,0
tf.experimental.numpy.roll,4219,0
tf.experimental.numpy.sign,4206,0
tf.experimental.numpy.remainder,4561,0
tf.experimental.numpy.std,4666,0
tf.experimental.numpy.squeeze,4192,0
tf.experimental.numpy.swapaxes,5726,0
tf.experimental.numpy.tril,4661,0
tf.experimental.numpy.subtract,4549,0
tf.experimental.numpy.sum,4448,0
tf.experimental.numpy.where,4560,0
tf.feature_column.categorical_column_with_identity,2010,0
tf.eye,4435,0
tf.experimental.numpy.tensordot,4668,0
tf.feature_column.categorical_column_with_vocabulary_file,2014,0
tf.feature_column.sequence_categorical_column_with_vocabulary_file,2014,0
tf.feature_column.sequence_categorical_column_with_identity,2010,0
tf.experimental.numpy.triu,4660,0
tf.experimental.numpy.take_along_axis,5127,0
tf.experimental.numpy.trace,4996,0
tf.experimental.numpy.vdot,5065,0
tf.experimental.numpy.diff,4425,0
tf.experimental.numpy.diag,4479,0
tf.guarantee_const,4124,0
tf.histogram_fixed_width_bins,4642,0
tf.histogram_fixed_width,4301,0
tf.image.adjust_brightness,4316,0
tf.image.adjust_gamma,4299,0
tf.image.adjust_contrast,4386,0
tf.image.adjust_hue,4321,0
tf.image.adjust_saturation,4374,0
tf.image.central_crop,4310,0
tf.image.crop_to_bounding_box,4611,0
tf.image.draw_bounding_boxes,4210,0
tf.image.convert_image_dtype,4291,0
tf.image.flip_left_right,4291,0
tf.image.flip_up_down,4306,0
tf.image.grayscale_to_rgb,4516,0
tf.image.hsv_to_rgb,4185,0
tf.image.non_max_suppression,4239,0
tf.image.non_max_suppression_with_scores,4235,0
tf.image.per_image_standardization,4811,0
tf.image.random_brightness,4365,0
tf.image.image_gradients,4695,0
tf.image.random_flip_up_down,4830,0
tf.image.random_flip_left_right,4816,0
tf.image.random_hue,4456,0
tf.image.rgb_to_grayscale,4934,0
tf.image.rgb_to_hsv,4319,0
tf.image.rot90,4753,0
tf.image.rgb_to_yuv,5659,0
tf.image.stateless_random_flip_left_right,4843,0
tf.image.random_saturation,4423,0
tf.image.resize_with_crop_or_pad,4718,0
tf.image.random_jpeg_quality,5697,0
tf.image.sobel_edges,7551,0
tf.image.total_variation,4408,0
tf.image.stateless_random_brightness,4362,0
tf.image.stateless_random_flip_up_down,4753,0
tf.image.yiq_to_rgb,5781,0
tf.image.stateless_random_contrast,4465,0
tf.image.yuv_to_rgb,5696,0
tf.image.stateless_random_crop,4546,0
tf.image.rgb_to_yiq,5647,0
tf.image.stateless_random_hue,4463,0
tf.image.transpose,4399,0
tf.image.stateless_random_jpeg_quality,5552,0
tf.io.encode_png,4798,0
tf.io.gfile.rename,2129,0
tf.linalg.LinearOperatorFullMatrix,4176,0
tf.linalg.band_part,4175,0
tf.linalg.cholesky,4229,0
tf.linalg.adjoint,6214,0
tf.linalg.cholesky_solve,4324,0
tf.linalg.cross,4264,0
tf.linalg.det,4297,0
tf.linalg.LinearOperatorZeros,4159,0
tf.linalg.eigvals,4442,0
tf.linalg.logdet,4565,0
tf.linalg.eig,4494,0
tf.linalg.eigvalsh,4346,0
tf.linalg.eigh,4432,0
tf.linalg.expm,8873,0
tf.linalg.lu,4255,0
tf.linalg.matrix_transpose,4438,0
tf.linalg.inv,4361,0
tf.linalg.matrix_rank,4790,0
tf.linalg.qr,4465,0
tf.linalg.lstsq,4403,0
tf.linalg.solve,4330,0
tf.linalg.lu_solve,4748,0
tf.linalg.slogdet,4302,0
tf.linalg.svd,4442,0
tf.linalg.tensor_diag,4171,0
tf.linalg.tensor_diag_part,4154,0
tf.linalg.trace,4445,0
tf.linalg.triangular_solve,4311,0
tf.lookup.TextFileInitializer,2431,0
tf.make_tensor_proto,4170,0
tf.math.acosh,4114,0
tf.lookup.StaticVocabularyTable,4163,0
tf.math.atan2,4151,0
tf.math.bessel_i1,4151,0
tf.math.cumsum,4336,0
tf.math.bessel_i0e,4150,0
tf.math.conj,4136,0
tf.math.cumprod,4304,0
tf.math.cumulative_logsumexp,4327,0
tf.math.erfcinv,4179,0
tf.math.bessel_i0,4141,0
tf.math.abs,4141,0
tf.math.betainc,4146,0
tf.math.bessel_i1e,4147,0
tf.math.argmax,4305,0
tf.math.divide_no_nan,4489,0
tf.math.invert_permutation,4122,0
tf.math.floor,4142,0
tf.math.erfc,4132,0
tf.math.is_nan,4136,0
tf.math.is_finite,4134,0
tf.math.floordiv,4163,0
tf.math.erf,4149,0
tf.math.greater,4403,0
tf.math.floormod,4404,0
tf.math.is_inf,4135,0
